"wd24cd","mean","sd","q2.5","q50","q97.5","N","has_microdata"
"E05009317",6.73034398497692,0.292789798918529,6.15658385871473,6.72211038113126,7.3285728098337,18085.25,TRUE
"E05009318",6.36828854721297,0.344655285661271,5.65464060005751,6.37331509669804,7.040686263308,18990.75,TRUE
"E05009319",6.66784604749855,0.317457512387521,6.0382999011473,6.6701809204659,7.28177343094188,17107.5,TRUE
"E05009320",6.53901124980313,0.359596614809267,5.83284802637547,6.54660038761744,7.23474186150934,11917,TRUE
"E05009321",6.58606021476552,0.284778581258239,6.0230783516914,6.5882774876735,7.13866072172981,9842.75,TRUE
"E05009322",6.43704450105173,0.331006369794765,5.75617750763685,6.44961949912668,7.07720925655104,11680.75,TRUE
"E05009323",6.37248645138754,0.35113929646213,5.65327669619911,6.38713370951089,7.03514263240316,15926.5,TRUE
"E05009324",6.60656010286531,0.365982646011216,5.88079795779958,6.61531052385231,7.32684448116378,13201.25,TRUE
"E05009325",6.50054655015791,0.289754038436722,5.94628182329426,6.49496529136735,7.07983166669498,17953.5,TRUE
"E05009326",6.67847187496117,0.376152177184493,5.94190464844239,6.66974625060708,7.42241619875975,5958.25,TRUE
"E05009327",6.72149668923043,0.234245347398559,6.26547038134745,6.71975937075573,7.18138692296067,18211.75,TRUE
"E05009328",6.40705691984017,0.365701708553701,5.66095247771059,6.42010198820712,7.11264294330154,6576.5,TRUE
"E05009329",6.75757312637216,0.295246815153819,6.1871676184981,6.75418670482877,7.34354910069624,12313.5,TRUE
"E05009330",6.83631975147023,0.334127407832573,6.18472061709945,6.82680338610869,7.51582205965695,10845.25,TRUE
"E05009331",6.4054242354519,0.31067440060674,5.77685504916173,6.41324684682255,7.00133130461409,17234.75,TRUE
"E05009332",6.32349690224934,0.298820207196739,5.72214625633518,6.3288014516346,6.90747323129412,11022.25,TRUE
"E05009333",6.88007098235167,0.294927809744586,6.30968348099087,6.87593419698487,7.47918791828836,11833,TRUE
"E05009334",6.73676131793173,0.338746055839945,6.08383087196742,6.73427199489329,7.41912381975176,10383.75,TRUE
"E05009335",6.72315061324681,0.353468374521989,6.04666644900333,6.71405005091291,7.41541738779756,11675,TRUE
"E05009336",6.54653337012772,0.355328563340501,5.85666983399085,6.53969969830212,7.24665696389707,16486.75,TRUE
"E05009367",6.42699763897949,0.342050286249899,5.73467812378803,6.43512353487374,7.07953470826948,8030.75,TRUE
"E05009368",6.70897513884737,0.361187491941406,5.99487206694575,6.71184780951526,7.399710180803,12162.25,TRUE
"E05009369",6.71871464783097,0.33958992368684,6.05060653397335,6.71691635066366,7.39390749299458,10969.5,TRUE
"E05009370",6.72549253775214,0.389976455317599,5.94524390192258,6.73332165664119,7.48897475248216,8048,TRUE
"E05009371",6.60488035743708,0.377275036320543,5.85489543259753,6.6140249695203,7.33092388126309,8068.25,TRUE
"E05009372",6.91305809732244,0.369839929693153,6.21377361370269,6.9083923324906,7.67651685594856,11111.5,TRUE
"E05009373",6.67513499887968,0.390100875059612,5.87871799553295,6.6784460359116,7.43319964339577,11390.25,FALSE
"E05009374",6.72366259346654,0.35696396459304,6.01488626833565,6.72189232047427,7.43128939102204,10654.25,TRUE
"E05009375",6.71401016976898,0.335293301582703,6.04365323264785,6.71239431928751,7.36839813791068,12787.25,TRUE
"E05009376",6.73196320519394,0.343794582252509,6.05458955224144,6.7234813237272,7.43535272906268,11786.25,TRUE
"E05009377",6.71355473412168,0.338969099117135,6.07905059450475,6.70935937861094,7.38413063855075,10558.25,TRUE
"E05009378",6.53844797503935,0.37538317495237,5.78149293594615,6.54097913332199,7.28339016137719,12288.5,TRUE
"E05009379",6.44077104607515,0.35762863858142,5.71319610956627,6.44699578274136,7.11134789552928,11040.5,TRUE
"E05009380",7.02343264679221,0.341660894752607,6.37167370375649,7.01275146626841,7.73795653909268,11990.25,TRUE
"E05009381",6.43725732745594,0.365076190677046,5.70024976830843,6.45577845551442,7.12241751370812,11237.75,TRUE
"E05009382",6.6800290520778,0.390319593939411,5.88383626507856,6.68622637489112,7.43975347069193,7907.5,TRUE
"E05009383",7.06599014170095,0.36040496675747,6.40087612383587,7.05357543982157,7.81555260415065,11693.25,TRUE
"E05009384",6.72102304916651,0.362797252881693,6.0210604299243,6.71627009708227,7.45902642978084,7781,TRUE
"E05009385",6.64899333692952,0.33216585953943,6.00887845911784,6.6483971972508,7.31960289322674,11687,TRUE
"E05009386",6.73478760548469,0.363092677879311,6.00731361011958,6.73516489449513,7.46557201420113,10574,TRUE
"E05009387",6.64216036095612,0.395928585135011,5.83627485376285,6.64392450873087,7.4253432699016,10120.25,FALSE
"E05009388",6.73011186368797,0.39383526111235,5.95482195967813,6.73682079648855,7.52406292601878,7082.25,FALSE
"E05009389",6.80297422788222,0.397535817750491,6.03597841930489,6.7917003396861,7.62164593328911,7045.75,TRUE
"E05009390",6.74705500945416,0.403236687445605,5.97288759106219,6.74029402207716,7.55399172558621,7563.75,FALSE
"E05009391",6.72923846128122,0.392789180484888,5.94920987244177,6.72604191099512,7.50676155969158,6800.5,FALSE
"E05009392",6.61274022670455,0.366490155201056,5.87177881875831,6.61449038319596,7.34729724436924,7752.25,TRUE
"E05009393",6.69000253124783,0.390622186578706,5.92461080068079,6.68895260655234,7.48232690910331,7536.5,FALSE
"E05009394",6.85584099128527,0.361906407578532,6.15216549223838,6.84771305517908,7.59583886540924,6221.75,TRUE
"E05009395",6.84869543826905,0.37604460270072,6.11514024731389,6.84165060492675,7.61791687480602,8186.25,TRUE
"E05009396",6.68658991064003,0.370804175014862,5.95314244285088,6.68408539704593,7.41194885773697,7871,TRUE
"E05009397",6.7073016916116,0.399647682056256,5.93900898696897,6.69864757033999,7.50986249842759,7916.75,FALSE
"E05009398",6.74221113302498,0.403131290189352,5.93381645879973,6.75114050480003,7.54197862992065,5078.5,FALSE
"E05009399",6.69752732888255,0.37511140494608,5.9634560107445,6.69732087132887,7.43150712625872,7963.5,TRUE
"E05009400",6.73124694822757,0.402392959951975,5.92813834724606,6.7358513598387,7.52820067735338,4917.5,FALSE
"E05009401",6.57673256603369,0.391451857835455,5.78559502458576,6.58781612239853,7.32680710741208,7128,TRUE
"E05009402",6.68409632453064,0.393059154148073,5.91306759681251,6.68168793727318,7.49313409985793,8280.25,FALSE
"E05009403",6.77783013340825,0.401991555068666,5.97753814573989,6.78385711130366,7.5892972789138,7682.5,FALSE
"E05009404",6.71840552630489,0.399828636516128,5.9169518989379,6.7149159671107,7.52056183329604,5427.25,FALSE
"E05009405",6.79023529221462,0.387965709991419,6.01512254688491,6.77893341733187,7.57370909707641,7697.25,TRUE
"E05011095",6.62801446379268,0.395844437722728,5.8366959485664,6.63048379764166,7.40330933177066,8400.5,FALSE
"E05011096",7.06576058773863,0.318201971600956,6.47615835150288,7.05356532158831,7.72467367931588,13602.25,TRUE
"E05011097",6.67032712228245,0.370591693081361,5.89864584084563,6.67824301886623,7.38043872347222,7914,TRUE
"E05011098",6.63622902364671,0.372356201228338,5.89562903381309,6.63839907636175,7.34520902650745,13092.25,TRUE
"E05011099",6.89852919896154,0.379897532248015,6.16055318040993,6.88913149141696,7.67707240355864,8213.5,TRUE
"E05011100",6.76278305219489,0.359915407842728,6.05896743729468,6.7562201731976,7.4829981224535,8522,TRUE
"E05011101",6.69249808133631,0.332807942071025,6.02639117009032,6.69573485876186,7.34126855529631,8887.25,TRUE
"E05011102",6.50383424991072,0.367473690872783,5.75521553619726,6.50954603796498,7.22352046059245,10640,TRUE
"E05011103",6.81009766034566,0.391718222628197,6.03683332048979,6.81033789604982,7.59308516094024,11754.5,TRUE
"E05011104",6.86504247069158,0.352640560357597,6.18523541784658,6.85534886816052,7.58393146881564,13660,TRUE
"E05011105",6.78717817799324,0.363252194447818,6.1138726762218,6.78019412659425,7.53249036799391,11742,TRUE
"E05011106",6.59036471102516,0.369256230052994,5.82145929658184,6.59623961582142,7.30343881417357,13682.25,TRUE
"E05011107",6.64474447390929,0.37300280338198,5.90231046411421,6.64387925339742,7.36396054247184,14155.5,TRUE
"E05011108",6.63839472076475,0.356132711422342,5.92425301339819,6.64046727847809,7.33271489826101,13573.5,TRUE
"E05011109",6.6589364934514,0.337108240186988,5.98803742729256,6.66115892992961,7.31877805347624,16257.75,TRUE
"E05011110",6.62474993310983,0.37787482128495,5.87939208554089,6.63030643271169,7.36339007932402,12756,TRUE
"E05011111",6.69146698534887,0.379512259120468,5.92589128783774,6.69322850973242,7.42871376257484,8485.25,TRUE
"E05011112",7.00240805382829,0.360107351020184,6.34052549670081,6.98683006960045,7.72398877942576,13785.25,TRUE
"E05011113",6.79942385788019,0.370545506475104,6.08025871131882,6.79603152587475,7.549335915143,12595.75,TRUE
"E05011114",6.62851854747497,0.389629233142018,5.83252642364096,6.62907748095543,7.38316744413052,7643.5,FALSE
"E05011115",6.47598020324764,0.365404640872903,5.73444395196767,6.48904819179248,7.17000934358006,14007.75,TRUE
"E05011116",6.55975633520912,0.384923497134363,5.75133230221764,6.56950669919125,7.30271631374855,13927,TRUE
"E05011117",6.62010753472725,0.380889166401623,5.83840814530773,6.63245751589176,7.33088228420203,11706.75,TRUE
"E05011217",6.78320166093191,0.40150688690507,5.97193820886649,6.78967510997217,7.56705370655083,9879.25,FALSE
"E05011218",6.65725557873459,0.332948109931897,6.01389899410896,6.66643842206834,7.30699700092887,14807.25,TRUE
"E05011219",6.7724829327608,0.376287955555246,6.00592521691361,6.77395905569367,7.50894467703428,13456,TRUE
"E05011220",6.70843272022528,0.352955836107197,6.00784645029101,6.71287139501049,7.39117997878273,14365.25,TRUE
"E05011221",6.88042064468367,0.331683745529631,6.2224145169347,6.88038480145866,7.54877742916314,13360.5,TRUE
"E05011222",6.9436358855715,0.34313359135406,6.2830283198818,6.93775148466721,7.60855084968705,13771,TRUE
"E05011223",6.82218063716932,0.314883851262557,6.22318295942865,6.82164592544885,7.45939343182716,13059.25,TRUE
"E05011224",6.82276109671703,0.367403734545127,6.10059668419403,6.81743830709072,7.57023298785753,13660.25,TRUE
"E05011225",6.71110039331218,0.376729359380802,5.97616319058711,6.71502343651703,7.45342412323358,10519.5,TRUE
"E05011226",7.05267794358216,0.327110743467009,6.43238666600731,7.04347974496202,7.69652382684179,14041.75,TRUE
"E05011227",6.81658913782065,0.362055751256104,6.10337690690078,6.81444545854042,7.54482835045722,8772.5,TRUE
"E05011228",6.64223241211637,0.391271802372077,5.83433092604906,6.6487023707545,7.40003200284484,9294.25,TRUE
"E05011229",7.09631052539963,0.359636130281818,6.4238737941968,7.07711282906862,7.84255703976451,9206.5,TRUE
"E05011230",6.70728697946505,0.354777818601181,5.98773322663587,6.71187955757309,7.38566628007691,13383,TRUE
"E05011231",6.7621757742572,0.299651520029487,6.17696713495602,6.75657145300332,7.36169494881879,10279.5,TRUE
"E05011232",6.74624046975162,0.363700833266267,6.0255104688647,6.74733676954118,7.44709598796089,12942,TRUE
"E05011233",6.97756206569932,0.360714282814164,6.28276752189297,6.9660334374994,7.72764373053062,13688.25,TRUE
"E05011234",6.73495283111173,0.328705127691621,6.09663914419266,6.72917074336132,7.38908844187787,12941,TRUE
"E05011235",6.83569936335393,0.331550831803302,6.17769848371101,6.8328944181615,7.50695563822726,12949.5,TRUE
"E05011236",6.69651869621271,0.386691312442615,5.93281732660722,6.69209250269556,7.45966242935083,11428,TRUE
"E05011237",6.49330028486012,0.351979763682746,5.78830364343207,6.50004700023547,7.17866458838408,13374.25,TRUE
"E05011238",6.69597248856801,0.396898863973363,5.90631006939663,6.6962651111247,7.45416826975742,13254.75,FALSE
"E05011239",6.63642937593373,0.390446348707028,5.88336407736303,6.63682650764445,7.42907686830386,12398,TRUE
"E05011240",6.30182356977744,0.378081831384077,5.51894231968308,6.31275783005334,6.99343834713117,11044.25,TRUE
"E05011241",6.59386712375437,0.360316051778166,5.87325564560593,6.58675088231004,7.31623877059184,11281.5,TRUE
"E05011242",6.53971512095042,0.307821891800094,5.91216527143354,6.54589674977356,7.12719166435578,12345.25,TRUE
"E05011243",6.86600880150558,0.380370730171546,6.13994394152994,6.85400381274205,7.64831960964742,12965.25,TRUE
"E05011244",6.5880476185178,0.353523450035886,5.86919323279473,6.5880481053832,7.3079022876377,12596,TRUE
"E05011245",6.65985430593642,0.40216687365554,5.86910624283574,6.65089914108095,7.4593869316529,13048.5,FALSE
"E05011246",6.4811648586227,0.3484296145593,5.79165760779624,6.48313610960085,7.14477140806737,9783.25,TRUE
"E05011247",6.45715677737432,0.347022075844247,5.76682225410832,6.46507123757838,7.13208726795059,12127,TRUE
"E05011248",6.75452487675051,0.332706789309256,6.0876637752384,6.74686693440521,7.42663820336096,13322.75,TRUE
"E05011249",6.58772132950093,0.389130154028118,5.81812657631441,6.5960120575028,7.34522350226996,8200,TRUE
"E05011250",6.54655063837323,0.338016091512541,5.87506864386103,6.55327471477195,7.1904460193709,12053.25,TRUE
"E05011251",6.63580414967325,0.31624768846516,6.02917544653,6.63463552526188,7.26174589375581,12361.25,TRUE
"E05011252",6.71148348828069,0.393995499440325,5.93631521742988,6.70885774644243,7.49398083617861,11014.75,FALSE
"E05011253",6.67328069153664,0.321965438324084,6.0546342013418,6.67346070680295,7.32166705721247,12635,TRUE
"E05011254",6.88521297298251,0.354107666644803,6.22947744534361,6.87535035305915,7.60671642438415,6805.25,TRUE
"E05011255",6.89197452357394,0.383027183618055,6.15767280291628,6.88669041571271,7.65840078862017,11139,TRUE
"E05011462",6.75348101213851,0.37350018866159,6.01830900494528,6.74866588699911,7.4999718336046,9919,TRUE
"E05011463",6.45628575711547,0.359828476948044,5.74961405661876,6.46186955705302,7.15776540766134,13763.25,TRUE
"E05011464",6.51385591713981,0.341257446759859,5.84452568616054,6.51356692065344,7.17833914031946,14290,TRUE
"E05011465",6.25711140116881,0.336126783504114,5.58373603867294,6.26311734594266,6.90052590899199,16612.25,TRUE
"E05011466",6.77415680253376,0.335982885641275,6.1165737972035,6.77267735901992,7.44354910452663,12897,TRUE
"E05011467",6.4069247561056,0.375035235646343,5.65081843345532,6.41631895133143,7.12374243897042,13990,TRUE
"E05011468",6.45389863799434,0.381826743573822,5.67009381762775,6.45527469677222,7.19326095929519,13271,TRUE
"E05011469",6.7840612188245,0.340359943640267,6.1220728018604,6.7820428443587,7.47657934826219,9369.25000000001,TRUE
"E05011470",6.48340137247033,0.382204654645125,5.71434055881798,6.48948903686045,7.23527213808342,8629.25,TRUE
"E05011471",6.49635460308299,0.37651173793011,5.7353830090016,6.49420116726458,7.23507925836093,9365.75,TRUE
"E05011472",6.48619356218656,0.378981223917486,5.70593025546361,6.49243239609704,7.22446044876693,10417.75,TRUE
"E05011473",6.53239200349265,0.389686377501754,5.75990309695201,6.53735723320214,7.30776508858699,9305,TRUE
"E05011474",6.79923316588781,0.400875287171875,6.01999111259717,6.78693041783194,7.61009310338221,8599.25,TRUE
"E05011475",6.69117629859092,0.386393064039564,5.94681963331454,6.68249446811237,7.45875914928443,4971.5,TRUE
"E05011476",6.05040606180808,0.359422933808979,5.31577737748359,6.0617701114457,6.72783187727192,13050.5,TRUE
"E05011477",6.6175170359391,0.377200520472209,5.87532103812568,6.61632758675904,7.36732139573375,8293.25,TRUE
"E05011478",6.64583928268414,0.389646885243468,5.8720809543656,6.64349730916733,7.42856248902499,13523.25,TRUE
"E05011479",6.53777214859591,0.397575507587397,5.74491930777654,6.53864269270079,7.32568589787147,10858,FALSE
"E05011480",6.43755754560962,0.319225965889687,5.78797575813701,6.44873953124054,7.04476037369562,8575.75,TRUE
"E05011481",6.5648549763229,0.380745576302016,5.80498303077935,6.56215285379652,7.30693935336285,8571.75,TRUE
"E05011482",6.18161068528094,0.378923319694481,5.39336258497975,6.19723917348665,6.86602029858394,13249.75,TRUE
"E05011483",6.61125763843925,0.403874375641293,5.81700787216936,6.61038727627659,7.39902248398916,9063.5,FALSE
"E05011484",6.54128916348482,0.370012906772669,5.81179333069777,6.54695778944675,7.26332284856166,15362.5,TRUE
"E05011485",6.58113572001651,0.39498474469037,5.8006370265858,6.58087220229403,7.37028313181024,13937.5,FALSE
"E05011486",6.71826865628964,0.363395949140428,6.01315336356042,6.70770553723113,7.41859990030057,15225.75,TRUE
"E05011487",6.46614392738924,0.369244470845816,5.73628174016037,6.4736149962783,7.1932302751983,15522.25,TRUE
"E05011488",6.23406783536829,0.373804092451853,5.47848885700901,6.2546185059066,6.93631092591997,15528.75,TRUE
"E05011489",6.63849688223693,0.371337977979507,5.91963544223904,6.63559460460158,7.37481211605588,14309,TRUE
"E05013496",6.62974349523061,0.337208722981805,5.96007011298769,6.63387183256578,7.29968681432572,12855,TRUE
"E05013497",6.62928970095673,0.397247446600106,5.84569728277737,6.63602572700695,7.41894744695618,9679,FALSE
"E05013498",6.6609731420719,0.393280341137675,5.8934312133101,6.66041260376964,7.43563566586428,11772.25,FALSE
"E05013499",6.54692894440999,0.372573241317785,5.78209473396187,6.55143716343791,7.2761183772195,12346.75,TRUE
"E05013500",6.46642607851239,0.289709803980534,5.88738169358459,6.46764907741714,7.01719070564084,18240,TRUE
"E05013501",6.59683879128814,0.385700490890205,5.79223324254316,6.60164928771389,7.3507903096286,16990.25,TRUE
"E05013502",6.64445057108901,0.318888721764784,6.03102087798807,6.64364827251324,7.28937523725865,15420.5,TRUE
"E05013503",6.38681805221337,0.364046701126383,5.61607767861077,6.39963855145263,7.0773760233673,14942.25,TRUE
"E05013504",6.66872819178066,0.36703096991854,5.94590862306164,6.66594447111794,7.393837273868,9641.5,TRUE
"E05013505",6.71585445178644,0.361623885168671,6.00730784029118,6.71597091895406,7.43434968176893,10845.25,TRUE
"E05013506",6.81698830325078,0.357759719439564,6.12939208066988,6.80697340454059,7.5467376624517,10777.25,TRUE
"E05013507",6.61517316116455,0.391567215947619,5.82850905231934,6.61675851514718,7.3911876108562,14751,TRUE
"E05013508",7.07243183561284,0.339606892197995,6.43293447652539,7.06581666357063,7.77137515944204,14884.5,TRUE
"E05013509",6.50173733560574,0.358656965105957,5.77721843455028,6.51149300466261,7.19759448272274,13876.75,TRUE
"E05013510",6.76388982423037,0.299575058603782,6.17789201894058,6.76213563630728,7.36422143743983,16767.25,TRUE
"E05013511",6.64941318714448,0.323585477387003,6.02743283766725,6.63954546230278,7.30451762167157,11871,TRUE
"E05013512",6.57801264015093,0.386527752298425,5.80825437523621,6.57857171302765,7.34332790296196,8754,TRUE
"E05013513",6.58349723303098,0.350593036353533,5.88702948602505,6.58454122166732,7.28061008120605,15218.75,TRUE
"E05013514",6.24456613788772,0.323671167898012,5.59296391601542,6.25937516194424,6.84484547188821,15394.5,TRUE
"E05013515",6.92592155506121,0.362273521079675,6.23810720074695,6.91170712062825,7.65178594983505,13044.25,TRUE
"E05013516",6.5096992061324,0.389643601931793,5.73120862676933,6.51177840346612,7.26711852671975,6810.25,FALSE
"E05013517",6.41756456390032,0.371798958136128,5.67817246037992,6.43789574488077,7.11015255754707,16436.25,TRUE
"E05013518",6.56839705325255,0.372082396364556,5.83949938050366,6.56691435133471,7.282678830062,12292,TRUE
"E05013519",6.84936465971253,0.352885793302969,6.13659343387122,6.84820560308182,7.57631651679012,13167.5,TRUE
"E05013520",7.04039473274157,0.323906575370086,6.43143861917106,7.0267664597999,7.69659469890027,12299.75,TRUE
"E05013521",6.92995035982634,0.340229672377955,6.27942380540969,6.91866114850793,7.61414453923725,14185,TRUE
"E05013522",6.73106172764751,0.373104891401253,5.98367113095937,6.73151703805051,7.47044392828882,13120.5,TRUE
"E05013523",6.83539543062062,0.381733616409092,6.07833745277646,6.83439960026916,7.60109354032612,14471.25,TRUE
"E05013524",7.059374738546,0.345406287125992,6.40681657681872,7.05150680397062,7.76100148832209,14549.25,TRUE
"E05013525",6.68601550386418,0.394562415713768,5.89038658028557,6.68633675538413,7.44516562101833,12924.25,TRUE
"E05013526",6.71237411667476,0.318053743520883,6.08501579595754,6.71174883176896,7.35847972319075,13481,TRUE
"E05013527",6.56803277292217,0.327576077070036,5.91840054610387,6.56995992536677,7.1956149129872,16768.25,TRUE
"E05013528",6.61382710201445,0.3707134989605,5.87130613105776,6.61868205100701,7.33122843804129,13456.5,TRUE
"E05013529",6.89195809989547,0.3447888879593,6.22693442312325,6.88633583876369,7.60421423142493,12586.75,TRUE
"E05013530",6.9252920182316,0.330399688298838,6.28334040942558,6.91532800174265,7.5970307851941,12089.5,TRUE
"E05013531",5.99891202895089,0.412264167599974,5.16183842641411,6.01329675196948,6.74687684830456,14713,TRUE
"E05013532",6.5897579241814,0.391236598399236,5.81440649856675,6.59523696345567,7.34326118966339,13488.25,TRUE
"E05013533",6.59475729354111,0.387323840676342,5.79239607555623,6.59949193891112,7.3464368809714,13578.75,TRUE
"E05013534",6.64994803143782,0.366036799455357,5.90995025188328,6.65085364394093,7.37832646836656,13937.5,TRUE
"E05013535",6.92577024949648,0.357583265962031,6.21670883323358,6.91617011143087,7.63947770000139,12850.25,TRUE
"E05013536",6.74658991138485,0.380477717646549,5.98229150940647,6.74843510962196,7.50890629747038,14454.75,TRUE
"E05013537",6.53752067071424,0.324874833587246,5.88342505630597,6.54254527690929,7.16874522965408,9210.5,TRUE
"E05013538",6.77439509879642,0.373445664887381,6.04030605432961,6.7716565980547,7.51563042275128,13140.5,TRUE
"E05013539",6.64152933984723,0.394075926810281,5.85365017208727,6.64667283013162,7.41909456701996,5488.25,FALSE
"E05013540",6.77038659118618,0.384829985665596,6.00280971197453,6.77297669058008,7.52593450085633,14263.25,TRUE
"E05013541",6.36076390999868,0.377698662240195,5.59272408401247,6.37135898018105,7.06147581839715,12790,TRUE
"E05013542",6.52442750542575,0.332348049394153,5.86139497202554,6.53023246637178,7.16025366562151,7658.75,TRUE
"E05013543",7.07017560870324,0.366288105294251,6.37001880569795,7.06384775850202,7.79963585139771,8485,TRUE
"E05013544",6.53801910593879,0.359512312657536,5.81825833032813,6.53981536476048,7.23547352810854,12916.5,TRUE
"E05013545",6.60418849891289,0.394749021728363,5.82544524230965,6.60690070119356,7.37956525998441,13357.5,FALSE
"E05013546",6.41514942741334,0.344065687585666,5.72690966154059,6.42620561687493,7.09122351380095,9467.5,TRUE
"E05013547",6.60712564037971,0.392904903413043,5.84476615370711,6.60659133717377,7.41449627380273,9143,FALSE
"E05013548",6.45829595112815,0.380351363201276,5.68290154052994,6.4681036804806,7.18597403983267,12330.5,TRUE
"E05013549",6.68608946626269,0.389790832582558,5.92371888152711,6.68688995462928,7.49365755513709,8343.5,FALSE
"E05013550",6.3120764491845,0.365238306793656,5.56138319042522,6.33027467150877,6.97461454104441,12625.75,TRUE
"E05013551",6.52554453560991,0.338248519112937,5.82346810364673,6.53145328843092,7.16670102103455,11676.75,TRUE
"E05013552",6.71706205205305,0.331402064666208,6.07854744145953,6.71261739989806,7.38866275945208,8761.75,TRUE
"E05013553",6.62981203600556,0.378410660811654,5.88526662518674,6.62865275208996,7.38937715298166,10100.25,TRUE
"E05013554",6.63727240513549,0.39679879620429,5.866878288351,6.638605463886,7.43336924243905,7747.5,FALSE
"E05013555",6.74251602083371,0.369500418494132,6.01742886970892,6.74036286708987,7.48012811012135,11249.75,TRUE
"E05013556",6.96256426575349,0.30249936057938,6.39769997012775,6.95517763742437,7.58227589173854,13300.25,TRUE
"E05013557",6.44007942719048,0.358034448535719,5.72758260029237,6.44105402643431,7.1316286414506,7723,TRUE
"E05013558",6.42010935411534,0.352748072381546,5.71754984145177,6.42758572696132,7.08688052657737,8306,TRUE
"E05013559",6.77328786771985,0.377886865328291,6.03360937952063,6.7599283154491,7.55680885029065,13470.75,TRUE
"E05013560",6.5495199103453,0.352915484720016,5.82714271250919,6.56000488488057,7.23306281411077,11680.5,TRUE
"E05013561",6.44316125534946,0.343474307559747,5.76075866811097,6.44713373641492,7.1074924486268,8674.75,TRUE
"E05013562",6.39621532659647,0.316186484246322,5.75834154270203,6.4004487963396,6.99667257400009,6642.25,TRUE
"E05013563",6.62241917348389,0.39661065632344,5.85566906742068,6.6272714209318,7.40480655738468,8858.00000000001,FALSE
"E05013564",6.54299528676739,0.29935695389634,5.94071713573151,6.5479579359543,7.12844699904785,14504.25,TRUE
"E05013565",6.8689634845792,0.374026150505413,6.17230576912629,6.86023406597518,7.6430853717028,9644.99999999999,TRUE
"E05013566",6.29405505858362,0.347156948275555,5.57527864814521,6.30795529399988,6.92798241318216,16444,TRUE
"E05013567",6.71532131583799,0.352386308848044,6.01279385237255,6.71438813438203,7.40500033411134,14581.5,TRUE
"E05013568",6.71372477476108,0.388333973675334,5.9444586004674,6.70916812995865,7.51688845625209,4951.25,FALSE
"E05013569",6.50234810333214,0.362081538483199,5.77808543441575,6.50203662246921,7.2030981641611,12460.75,TRUE
"E05013570",6.4774710587737,0.374859023519515,5.72170284265451,6.47658723230317,7.19705358209391,11828.75,TRUE
"E05013571",6.7880564049841,0.35309222254304,6.11197587740978,6.78563809756015,7.49288389305132,13205.25,TRUE
"E05013572",6.60406147522387,0.359269612577075,5.88082536339234,6.60270372023638,7.28635304412607,8181.75,TRUE
"E05013573",6.88284681127195,0.326038842215893,6.26829411961252,6.86890736218075,7.55033295184148,13298,TRUE
"E05013574",6.79760461820006,0.384428639888323,6.05103066736969,6.79637326459316,7.57601428158399,9799.5,TRUE
"E05013575",6.63508358641205,0.393979014507824,5.86827360163774,6.64278473108156,7.39700257669784,10022,TRUE
"E05013576",6.74311761239868,0.365053656725235,6.04938668296429,6.73980464665554,7.49169395547811,13894.5,TRUE
"E05013577",6.69838273467105,0.352413421223598,6.01973672342133,6.70051604421498,7.38991641473819,13380,TRUE
"E05013578",6.61372719613767,0.372480034130122,5.84898684857552,6.61913372326514,7.34070549849219,9369.25,TRUE
"E05013579",6.68031414159058,0.387817719058687,5.91607772891496,6.67315211594595,7.45976012135841,14174.5,FALSE
"E05013580",6.48264488161081,0.324559818265892,5.8399792997243,6.48806680641995,7.12273532483824,15670,TRUE
"E05013581",6.65270465825741,0.393895032270575,5.88932853485341,6.65438146373883,7.44203317259969,15236.25,FALSE
"E05013582",6.67785505174486,0.374009455088887,5.95198945392816,6.66770644877451,7.43781715389403,16229.25,TRUE
"E05013583",6.67725939519707,0.371766602350025,5.92946277649894,6.67281982343,7.44000363080631,10891.25,TRUE
"E05013584",6.75108110510027,0.324728623109786,6.1254808821776,6.7539709403582,7.39108394165364,10136.25,TRUE
"E05013585",6.58512499907242,0.388140554993454,5.78860886504753,6.59659268677591,7.33900496845255,7281.5,TRUE
"E05013586",6.76047237400224,0.390548798599774,6.01619634935022,6.75642018939423,7.54299243305091,8487.5,TRUE
"E05013587",6.86829822997676,0.363195093098486,6.16616851068904,6.85849416734531,7.60152086440025,11232.75,TRUE
"E05013588",6.63857161413625,0.371380681771578,5.88521399792956,6.64336852512085,7.34792704112035,11408,TRUE
"E05013589",6.70554915396312,0.3896111170449,5.92112672916605,6.71445575837523,7.45989939422573,10610,FALSE
"E05013590",6.74445449200098,0.345258782674595,6.08586021001851,6.7420181166389,7.418556905692,13032,TRUE
"E05013591",6.7295192253308,0.346186779896313,6.06081519531199,6.72983406298578,7.41201110623113,7546,TRUE
"E05013592",6.58499976463288,0.387598477066573,5.79516695508276,6.59193512450973,7.33027428404961,11246.75,TRUE
"E05013593",6.77636672978075,0.355997354302702,6.06427490840595,6.77390791536145,7.48345804990941,13155.75,TRUE
"E05013594",6.70267420089436,0.394784551537208,5.91082587621902,6.70882538593515,7.48163916882596,7620.75,TRUE
"E05013595",6.53562743794926,0.368182343133105,5.76987871550484,6.54255793706603,7.2362105087824,12247.25,TRUE
"E05013596",6.41846152394764,0.36490142912709,5.6834764289991,6.42542129258515,7.11416671086422,12231.25,TRUE
"E05013597",6.63656182346787,0.371362790044612,5.90149378842947,6.6399645565123,7.38042330334207,9166.75,TRUE
"E05013598",6.77355228379824,0.356640785397631,6.0882823957325,6.76612552068812,7.51095647776779,7792.75,TRUE
"E05013599",6.54884591440547,0.350793510728508,5.84616668315021,6.55220895154923,7.22377597297653,13552.25,TRUE
"E05013600",6.63604108072324,0.358561610450608,5.91005444298982,6.63451002227837,7.33229125279041,9672,TRUE
"E05013601",6.71353906219498,0.329060665228999,6.06999541090598,6.71126716723846,7.38143781613679,12912.5,TRUE
"E05013602",6.54142120432259,0.360384672037653,5.81626566033555,6.54452406470435,7.24670625303536,10480.75,TRUE
"E05013603",6.76520790062739,0.339945594054898,6.10626369837941,6.75628202714457,7.44357014800506,13080.75,TRUE
"E05013604",6.511831496446,0.381299446743724,5.76128007182598,6.5151356905423,7.23870199125665,12028.5,TRUE
"E05013605",6.71444976709978,0.391574387975479,5.9452070702989,6.70686091382703,7.51746927165315,13273.75,TRUE
"E05013606",6.48952275183644,0.386240310947081,5.69680370445105,6.50213803722676,7.26332820449989,12631.75,TRUE
"E05013607",6.41578385144917,0.370816763166187,5.65895838192612,6.42263500139908,7.13890197325018,7280,TRUE
"E05013608",6.66481652202885,0.395557703228665,5.87047308493561,6.66034012055299,7.46689538725377,6759.25,TRUE
"E05013609",6.62162928658471,0.402448073385662,5.82388131506477,6.61774798158979,7.4264485782004,11172.25,FALSE
"E05013610",6.81389462997543,0.354096941877724,6.12724188354889,6.80133502298799,7.53884861587046,11896.5,TRUE
"E05013611",6.6461228470086,0.403341509066577,5.84173473907367,6.64984647215929,7.43324538065918,8841,FALSE
"E05013612",6.43800323564667,0.373200259564808,5.67338469169577,6.44869166257038,7.15383202626705,13565.75,TRUE
"E05013613",6.60336590436268,0.400895075553367,5.81608393381356,6.60335360179191,7.40044108863496,10890.5,FALSE
"E05013614",6.57966827012801,0.375879449978178,5.85620703705493,6.57628602834737,7.35208322111257,13441,TRUE
"E05013615",6.71742022331652,0.398297144851367,5.9550526786972,6.71023440989712,7.51995217580399,8761.5,TRUE
"E05013616",6.42084701969629,0.320246446870679,5.78432433174937,6.41949085774702,7.0459449449876,13438.25,TRUE
"E05013617",6.74032022490726,0.350017795693455,6.06483859067661,6.73803377474659,7.43137080451902,12248.5,TRUE
"E05013618",6.47377473335343,0.385268158517711,5.70452113184677,6.47791953664732,7.20956671675184,9525.25,TRUE
"E05013619",6.63271792019333,0.361693678029989,5.91912704380736,6.6325667199076,7.32359928726607,13117.75,TRUE
"E05013620",6.57823220818214,0.399858315632131,5.77424588066116,6.58248805521658,7.37409742101953,8925,FALSE
"E05013621",6.58655011185057,0.398876646130951,5.79009707563725,6.5873387372435,7.39835235519925,7250.5,FALSE
"E05013622",6.36133447123378,0.378314403203958,5.59403968583033,6.37028928188932,7.09786491886983,13343,TRUE
"E05013623",6.10205790856744,0.375016099233402,5.35599979293132,6.11122332240296,6.79868785171406,11814.5,TRUE
"E05013624",6.52914237346044,0.389863282231986,5.74553817174493,6.53094718442317,7.29444042854735,13465.75,TRUE
"E05013625",6.65317544238992,0.380070704608966,5.89390427005372,6.64979833981171,7.40844791347696,11532.25,TRUE
"E05013626",6.77580626812002,0.330515491603433,6.14046504234547,6.76679775158942,7.45909026564007,12610,TRUE
"E05013627",6.5083456891696,0.370289614529309,5.76340448974667,6.5121213614085,7.2272189677331,11041.75,TRUE
"E05013628",6.75051491525667,0.348442214396283,6.07328669089472,6.75213020479397,7.4289943902284,14553,TRUE
"E05013629",6.69980850899333,0.382703917515985,5.96219587940427,6.69292146506703,7.4553703595385,13856.25,TRUE
"E05013630",6.49017927879007,0.316449572409704,5.85987311350415,6.49303134685585,7.10640023771141,18221.25,TRUE
"E05013631",6.63833552849182,0.322022813732842,5.98619194286071,6.64488990574241,7.25470636245208,16772.5,TRUE
"E05013632",6.62666737840301,0.394539060207582,5.86352062253466,6.62743461604325,7.41624913784657,9921.25,FALSE
"E05013633",6.79005423885935,0.356685126146832,6.10973249700193,6.78336479159853,7.49398739749195,16640.5,TRUE
"E05013634",6.61599114436021,0.348144901677599,5.92276176808024,6.61577363106606,7.33346644804241,8982,TRUE
"E05013635",6.88422983622248,0.374171051500771,6.17332931470399,6.87661697665269,7.67120285282642,15222.5,TRUE
"E05013636",6.77428077493458,0.33242066085495,6.14495885512238,6.77087830938803,7.42877175164523,14266.75,TRUE
"E05013637",6.71210609208046,0.354341051307795,6.01259945934932,6.70576670608599,7.42938076093934,16755.25,TRUE
"E05013638",6.69076803093154,0.400555632894779,5.90707968581545,6.68683641010877,7.45853719269282,9804.5,FALSE
"E05013639",6.53264044458339,0.369756328071837,5.77381347538211,6.54451767406444,7.25006593447434,16130,TRUE
"E05013640",6.75907602224028,0.350304897330309,6.05830984869602,6.75825486332061,7.46562416082263,16429.25,TRUE
"E05013641",6.76092181289746,0.365864917472793,6.03945442981064,6.75730582597411,7.48448676747413,10317.75,TRUE
"E05013642",6.56242325882017,0.3886180975622,5.76780741231521,6.5713529964181,7.30000255368403,11550.75,TRUE
"E05013643",6.39476054506577,0.381582797296861,5.60794649641097,6.41051951599928,7.12659737590732,18378.25,TRUE
"E05013644",6.55350641700505,0.35892974435954,5.82367437643045,6.5626405415285,7.25576604920393,10295.5,TRUE
"E05013645",6.50815789598344,0.375489868611836,5.74760450646733,6.52466407359998,7.20539721472556,15538.75,TRUE
"E05013646",6.92701110500605,0.375329006461526,6.23487420233656,6.90678680858363,7.70333836403001,12267.25,TRUE
"E05013647",6.91240671789512,0.37872077679542,6.20671287731903,6.8949826458439,7.7049879126077,10587,TRUE
"E05013648",6.71497987028278,0.334608351674491,6.06404093848197,6.70879175094639,7.39190464722702,16553.75,TRUE
"E05013649",6.53633578608031,0.377302168630254,5.76283575605697,6.54282897589637,7.26122496134356,15003.25,TRUE
"E05013650",6.72866334656542,0.376346886955345,5.97293688465883,6.72670579937899,7.49270799110705,9269.5,TRUE
"E05013651",6.42631089526188,0.388131877028984,5.64311244653547,6.44789836127087,7.13420285826247,12017.5,TRUE
"E05013652",6.66909971331077,0.389046821242239,5.90022331933894,6.67088622595696,7.44181003070406,10724.5,TRUE
"E05013653",6.84048461156654,0.381303433988571,6.09887782209585,6.82680155491566,7.61239474891954,10565.75,TRUE
"E05013654",6.61578435391602,0.39011387392925,5.82733728182297,6.61184341565327,7.39273967975665,6736.5,TRUE
"E05013655",6.69369873659245,0.351676923146025,5.9944230806682,6.69444547847411,7.3975430435095,5755,TRUE
"E05013656",6.64294302879415,0.370399499771063,5.90494214698671,6.65839890218078,7.34440668017177,10019,TRUE
"E05013657",6.69056399879308,0.379403262980865,5.92981562527119,6.69216247622826,7.45448308735879,6627.5,TRUE
"E05013658",6.77288446176753,0.392397828631672,5.96199139563263,6.76366606831498,7.56969833537396,10145.75,TRUE
"E05013659",6.782090424112,0.388368312284649,5.9996422549388,6.77651634572349,7.54799382023327,6982.25,FALSE
"E05013660",6.65750344918381,0.390680525534475,5.88684334427859,6.65669728345836,7.43802111672046,10451.75,TRUE
"E05013661",6.9214028785329,0.355368307884277,6.24069012561266,6.91386419438921,7.6332457259085,8999.5,TRUE
"E05013662",6.64730486949251,0.403333703797162,5.86406461449891,6.64758064805673,7.47762389989651,9433,FALSE
"E05013663",6.72477997801423,0.403664925808795,5.93303642440365,6.72841523524343,7.52120675119097,6390,FALSE
"E05013664",6.74403046250993,0.392173688940849,5.98489299572498,6.74240645147318,7.5136332797026,9206.75,TRUE
"E05013665",6.63452468793949,0.385392677665965,5.87188574478059,6.64373389044171,7.39284889773348,10508.25,TRUE
"E05013666",6.54928533690422,0.370472783386588,5.8245564746708,6.55090834104415,7.29907702949288,10416.25,TRUE
"E05013667",6.71481197656669,0.357903610894282,6.01337357852135,6.71533331208233,7.4184550417898,10871.75,TRUE
"E05013668",6.6494093809929,0.381570042000789,5.91649745998634,6.64815006361808,7.41501948875058,10506.5,TRUE
"E05013669",6.66936214277215,0.382207496476001,5.90356664142996,6.66963513555497,7.4166323420978,10895.25,TRUE
"E05013670",6.71391122596542,0.368030374515838,6.01648214551237,6.70418788716794,7.45477128902782,10714.75,TRUE
"E05013671",6.80148665037785,0.377791476165205,6.07157725389608,6.79450055788203,7.54688227433788,10019.25,TRUE
"E05013672",6.68656496864273,0.365734021227832,5.98103978700404,6.67854588173369,7.44735662241602,7043.75,TRUE
"E05013673",6.5984459751332,0.391606706711702,5.81822481987208,6.5986422711751,7.3749345572609,9312,FALSE
"E05013674",6.3534189874034,0.34741390152397,5.6597641078975,6.35558868187802,7.02331308100809,13226.25,TRUE
"E05013675",6.50168428180592,0.37279918929646,5.78520316662622,6.50103331113801,7.24935072292414,9433,TRUE
"E05013676",6.63114357573385,0.314391277473442,6.01982090013718,6.62961997564946,7.25135503102917,11009,TRUE
"E05013677",6.53013952938509,0.328171121162356,5.87357873873176,6.52794085661711,7.18445535893236,9913.75,TRUE
"E05013678",6.66901256163722,0.377564156250533,5.91969824809247,6.66216442539282,7.42559207878698,9100.25,TRUE
"E05013679",6.16182216310102,0.343544613593198,5.45285719616905,6.17197569317346,6.79677894634003,13923.75,TRUE
"E05013680",6.30421536522136,0.32006680973703,5.65532813643792,6.30862177621721,6.93083220372855,14354.5,TRUE
"E05013681",6.81139947022519,0.336913129293066,6.14520692161166,6.80484223746806,7.47644347472634,8061.5,TRUE
"E05013682",6.31934652566419,0.374702790582088,5.58447912156912,6.31935603946643,7.03058671820404,14993.75,TRUE
"E05013683",6.62999407172964,0.390513302700453,5.85249151105951,6.62317863095068,7.40319458487523,7933,TRUE
"E05013684",6.4953881935773,0.344227713778041,5.80877854548095,6.49947491956144,7.15842924212201,13611.75,TRUE
"E05013685",6.27639500374534,0.282997928182314,5.69875730028798,6.28563002005274,6.81613678444439,13559.75,TRUE
"E05013686",6.64384624912603,0.366993737331538,5.93274637931684,6.64314219651619,7.37612266703935,10225,TRUE
"E05013687",6.63591775789126,0.380724823048752,5.89235104668568,6.63447883889682,7.36476502197722,7377,TRUE
"E05013688",6.62858348759102,0.397329845401624,5.8581179478135,6.62743908786607,7.432990286217,9528,FALSE
"E05013689",6.63788599579648,0.358365438219967,5.93913027588109,6.6291064722259,7.36440312384675,10945,TRUE
"E05013690",6.78963032757019,0.338446274033424,6.14885527766231,6.78513121478946,7.46335270914655,10790.75,TRUE
"E05013691",6.18591961694839,0.320960240016616,5.52726568214875,6.1995809301233,6.78183302625008,13120,TRUE
"E05013692",6.42053626096816,0.39545507681392,5.6094588052556,6.43166403759288,7.18338494478409,12397.75,TRUE
"E05013693",6.75191830561043,0.321829255205122,6.13357150708802,6.74708660657117,7.39612891598462,11430.5,TRUE
"E05013694",6.65255955462896,0.309865765434695,6.0606900746655,6.64992977037965,7.26503605711253,13635,TRUE
"E05013695",6.56060199984839,0.334811403952565,5.9023674595372,6.56093345223731,7.21920365066733,11545,TRUE
"E05013696",6.87218724034121,0.38195635936182,6.15348668070344,6.85874217152424,7.65268495120551,8914.5,TRUE
"E05013697",6.61815651669004,0.348807849445022,5.92577855181388,6.62030268162853,7.29721036537641,11473.5,TRUE
"E05013698",6.47659301985828,0.371834651240783,5.7022295598269,6.49107749458367,7.18323396067326,10503.25,TRUE
"E05013699",6.60592044629067,0.379773342227464,5.84857525920205,6.60846191233286,7.37689000286827,10023.5,TRUE
"E05013700",6.59828171214756,0.389600936965926,5.83813613633953,6.59119880587919,7.397886373242,10303.25,TRUE
"E05013701",6.62935932104405,0.390191909585284,5.85761137973116,6.62633467715528,7.40814287186397,11126.5,FALSE
"E05013702",6.66809145390838,0.367612533674089,5.9525753783685,6.66398367095901,7.3816234303305,9886,TRUE
"E05013703",6.59140511851703,0.404190039650073,5.78477768023199,6.58133363746247,7.41219740757555,12920.5,TRUE
"E05013704",6.59939567765523,0.353691473739331,5.89777942487421,6.60379632907237,7.28187064850441,12170,TRUE
"E05013705",6.87685027966827,0.377583536067564,6.17613058295557,6.86124773354261,7.66236131370111,12947.5,TRUE
"E05013706",6.547217605642,0.37545164180645,5.76555388080853,6.55472864460485,7.2775167161482,11483.75,TRUE
"E05013707",6.70387069400252,0.380746878904742,5.98329155954861,6.69542343299143,7.4868347550729,11401.25,TRUE
"E05013708",6.19261132855181,0.381743806243315,5.38819049681167,6.21065580082749,6.88845930255231,11009.5,TRUE
"E05013709",6.67345857517694,0.387023511045489,5.89384358410248,6.67281342794647,7.44610383967858,12569,TRUE
"E05013710",6.64049210658762,0.349611452661215,5.95252630385404,6.64035079186078,7.33512781296234,10610.75,TRUE
"E05013711",6.46402677520323,0.353190201016028,5.75458908870818,6.47633828314322,7.13629365626118,10315,TRUE
"E05013712",6.47622342278621,0.350886229047419,5.73887624043026,6.47868036695953,7.13902828736554,12176.75,TRUE
"E05013713",6.40356570270799,0.374655493309527,5.63617686598248,6.4162380339871,7.10556910231999,10950.5,TRUE
"E05013714",6.65308946752131,0.359567729257852,5.93655949878277,6.6560307739806,7.36536368122986,9633,TRUE
"E05013715",6.70433813715598,0.373838603010438,5.98125974507981,6.70549653105176,7.43705716346927,14324,TRUE
"E05013716",6.88968974759474,0.371976358407207,6.18508003446041,6.87513941920193,7.65204360724002,15400.75,TRUE
"E05013717",6.71973444760564,0.321311653010752,6.08835544237636,6.72193666147613,7.35979433049955,14634.25,TRUE
"E05013718",6.80366560149238,0.333953636415923,6.16299910476739,6.79822119968235,7.46542223862076,13102,TRUE
"E05013719",6.68631682002092,0.360659916702097,5.96871088932237,6.68606050703453,7.39079008323357,14851,TRUE
"E05013720",6.56768803034355,0.381643347215716,5.7946061656001,6.5771767857017,7.28821593551754,15193.75,TRUE
"E05013721",6.7049776716514,0.384058675107735,5.95490762018877,6.71226393774921,7.44806376129646,12622,TRUE
"E05013722",6.86369963677171,0.363910926470228,6.16118219146964,6.85920062375793,7.5830893215184,12896,TRUE
"E05013723",6.75157637710393,0.372513692069254,6.00476128049284,6.74407950350859,7.48094701095642,13362.5,TRUE
"E05013724",6.94695346599633,0.317541629148153,6.34988591620192,6.93702779880973,7.60040566082884,17107.75,TRUE
"E05013725",6.73680607911284,0.384810124731391,5.96332460858527,6.74442846635702,7.49094281218114,13381.25,TRUE
"E05013726",6.78080693190983,0.371033835534206,6.03192234825644,6.77821152209541,7.52511313149208,12650.5,TRUE
"E05013727",6.65805604677203,0.350089060300082,5.9561438238222,6.65895250210509,7.35234287539951,7323.5,TRUE
"E05013728",6.82424051470244,0.34389727411566,6.15973692177758,6.81443047086718,7.52083155653356,9468.25,TRUE
"E05013729",6.81958873417055,0.32267964094913,6.19018009513127,6.81380840618123,7.46655154533526,15752.25,TRUE
"E05013730",6.71148894863105,0.365998281389866,5.98215188037061,6.71156202686488,7.42017774347566,16196.25,TRUE
"E05013731",6.8911574610543,0.345381213882039,6.2037731098322,6.88478347367339,7.57958383863485,14394,TRUE
"E05013732",6.37847000032682,0.352288128452142,5.65666350761347,6.39532022736819,7.01713249107638,14646.25,TRUE
"E05013733",6.80646735660527,0.389727666715999,6.05309252072098,6.80111193949033,7.62750141075227,6896,TRUE
"E05013734",6.70098785679031,0.399859375488838,5.89923812890024,6.70036593284883,7.49749146713394,6899,FALSE
"E05013735",6.70829672390186,0.39679188305229,5.92213926937385,6.71609582488625,7.48460562795605,7302.75,FALSE
"E05013736",6.64198040745669,0.405414724846075,5.83726866644457,6.63708031476785,7.42953550632756,8879.5,FALSE
"E05013737",6.72135930448549,0.358303523507416,6.01997265974423,6.7269137374078,7.42406593735154,9409.25,TRUE
"E05013738",6.730321984371,0.390108336100198,5.97595052384563,6.72351435140883,7.53010910533902,11042.75,TRUE
"E05013739",6.90436588621998,0.37380099557869,6.18461343276368,6.89866875131093,7.66537418788225,6554.5,TRUE
"E05013740",6.64622496904349,0.375157523513602,5.91926305032888,6.64378453155982,7.38053291978077,6366,TRUE
"E05013741",6.59674072499859,0.389685597298919,5.8151859735433,6.5942698409198,7.36920588415923,7032.5,TRUE
"E05013742",6.69948947077111,0.385884567289302,5.93211764718421,6.70444725058021,7.4807393838695,6055.75,TRUE
"E05013743",6.7214361210371,0.401303320742472,5.91448424086276,6.72812720287426,7.51927456347025,10727.25,FALSE
"E05013744",6.8025602332998,0.394078918347722,6.04741959318285,6.80122970704047,7.59214936697126,9569,TRUE
"E05013745",7.0445790204604,0.381832824236989,6.33366678259954,7.03550235080815,7.81968384081513,6599,TRUE
"E05013746",6.57499745802306,0.390425431990315,5.77508439496425,6.59318112093588,7.31212574448939,6169.5,TRUE
"E05013747",6.64975291733189,0.382961191529812,5.89808163240127,6.65044739043616,7.41837348397909,9723.25,TRUE
"E05013748",6.72282881153271,0.393248869316754,5.94238853265676,6.7275310113132,7.51485364276677,4874.75,TRUE
"E05013749",6.6937595223959,0.399276514767878,5.89586450858379,6.68753174072289,7.49623610000427,7077,FALSE
"E05013750",6.71880491112246,0.398041873345695,5.90290784363037,6.72508773885648,7.51292153327405,6325.5,FALSE
"E05013751",6.67787960656228,0.395572111855078,5.90775831792909,6.68031687192051,7.47363909376027,8454.5,FALSE
"E05013752",6.69325019587665,0.35502350163167,5.99792901639726,6.69394969780083,7.40295297711403,8924.75,TRUE
"E05013753",6.59396285675378,0.396118800928363,5.79891597900453,6.59548504462685,7.34698241564748,6871.5,TRUE
"E05013754",6.82506586729889,0.353460199836897,6.10482604040148,6.8320834882932,7.52878955585667,9390,TRUE
"E05013755",6.79732593668859,0.340849483548278,6.15196981720384,6.78886727002786,7.473507799269,10069.75,TRUE
"E05013756",7.06021716975439,0.346713501880042,6.41091374230897,7.04229043750742,7.78793346549101,9741.75,TRUE
"E05013757",6.53547919608739,0.370587713695524,5.81168864353157,6.54536944113882,7.27426282743063,8406.5,TRUE
"E05013758",6.73213034494606,0.384898647251861,5.97255255141899,6.73305971315019,7.50062321002368,9314.25,TRUE
"E05013759",6.75830531962022,0.382383240684528,5.98900646173707,6.75999832930942,7.53179897441513,5444,TRUE
"E05013760",6.83682668029975,0.38705238599238,6.06523320696781,6.83792056321623,7.612550583197,9408.5,TRUE
"E05013761",6.85614343693352,0.343695277721815,6.19647840029192,6.85010607533402,7.53609651289483,7019.75,TRUE
"E05013762",6.78087185318431,0.365868598534107,6.08176182854223,6.77474147858669,7.53335808176492,10146,TRUE
"E05013763",6.80217391061335,0.369851882325881,6.06516699410578,6.80352241481415,7.55007874586794,9200.5,TRUE
"E05013764",6.75888978741354,0.397690129231365,5.96924507963687,6.75928679034811,7.57086471586316,7075,TRUE
"E05013765",6.90899872896634,0.338529034935305,6.25199900785584,6.89992054686116,7.60995744739453,10455.25,TRUE
"E05013766",6.84353294753465,0.372768192207511,6.12915942508515,6.83738775727684,7.58169782962068,9475.5,TRUE
"E05013767",6.68210298417219,0.378756299838904,5.93250151754702,6.68823936701682,7.43018039107898,10445,TRUE
"E05013768",6.73791240127909,0.376086958080691,5.99467662515848,6.74121512266496,7.48468212725001,9212,TRUE
"E05013769",6.37562807799356,0.348439278136811,5.66527164747015,6.38827618393615,7.02158621487267,9158.75,TRUE
"E05013770",6.73778320720325,0.380802620644508,5.94826388628334,6.74093331208685,7.47634702898948,10300.25,TRUE
"E05013771",6.43924451690124,0.348095467377037,5.70958462805826,6.44732186193174,7.10001118314131,9338.5,TRUE
"E05013772",6.89002398673209,0.326121531072629,6.25800341901747,6.88604511765103,7.54825321949373,6982.75,TRUE
"E05013773",6.78027000939207,0.372881524205864,6.04283928323537,6.77429278196476,7.50768264963701,6072.5,TRUE
"E05013774",7.3305476285216,0.358349577098724,6.68528227977161,7.32196166213348,8.05241945581614,8943,TRUE
"E05013775",6.7934214717825,0.372424121009856,6.03058691585934,6.79941556613773,7.52693274756841,8778.25,TRUE
"E05013776",6.65719475292793,0.35741449633416,5.9256530497122,6.6653851949361,7.35805900050101,9031.5,TRUE
"E05013777",6.77343225096809,0.385439148960974,6.00290406593843,6.77304361560356,7.54254199652528,8984.5,TRUE
"E05013778",6.91419199043828,0.375877733816247,6.19041839472524,6.90694812952472,7.6807690744605,8832.25,TRUE
"E05013779",6.70788538166879,0.353256623622443,5.99316682352348,6.71422262190906,7.39792446293665,8297,TRUE
"E05013780",6.70098160640417,0.364842833307816,5.98045487005196,6.70061780723628,7.39662392754229,9223.25,TRUE
"E05013781",6.72795221330296,0.391076843390962,5.9525014376977,6.7400390488518,7.50250617994888,8788.75,FALSE
"E05013782",6.75962885832811,0.37632482354945,6.02078715128641,6.75587136193326,7.49672768707515,10173.75,TRUE
"E05013783",6.46151849630246,0.400987638188597,5.6249713796837,6.47900160855237,7.20224208246613,10087.75,TRUE
"E05013784",6.78872972467355,0.395251841373136,6.03634253024801,6.78909826760507,7.55596366163599,8985,TRUE
"E05013785",6.9051019291696,0.36721540593302,6.19570068396959,6.89219677199467,7.63890161806472,10019.25,TRUE
"E05013786",6.82618271708658,0.353612563829425,6.14714941445485,6.82556659066299,7.52426212474245,9591,TRUE
"E05013787",6.73985868961292,0.387914986751978,5.94798437211681,6.74364109391171,7.49885645998268,9101.75,FALSE
"E05013788",6.79512049541607,0.336533597283644,6.14469841502621,6.79747917331492,7.46442399807104,9146,TRUE
"E05013789",7.10771067765289,0.354887368728957,6.42716323307299,7.0988037912589,7.8324173038519,9458,TRUE
"E05013790",6.77022665135479,0.389646063337,6.01348756188558,6.76913844068754,7.52471034094384,9346,FALSE
"E05013791",6.78859833555819,0.38348559390797,6.02168114418143,6.79373674356634,7.53887190450756,8911.25,TRUE
"E05013792",6.69571319104334,0.406439999901383,5.90111918403727,6.70053133175247,7.50907417584795,11530.5,FALSE
"E05013793",6.68624692637871,0.39802494724386,5.87492340888367,6.6826434356575,7.4992804543912,11297.75,FALSE
"E05013794",6.65210666517746,0.387118673550309,5.88669270093189,6.6484505292026,7.42160368507468,10193,TRUE
"E05013795",6.54331673653056,0.370620798055326,5.77100084512401,6.55689418570646,7.23814096390853,10119.75,TRUE
"E05013796",6.60782946739107,0.401987835782039,5.81053749739106,6.60359854807926,7.41277145436788,9432.5,FALSE
"E05013797",6.71202018866999,0.386844411614903,5.93425025212488,6.71075832434939,7.48162202766867,9998.25,TRUE
"E05013798",6.83130765943179,0.385188167396241,6.08699106008585,6.81977246009666,7.61555557716779,10188,TRUE
"E05013799",6.715532440254,0.35833974896589,6.0242082136625,6.7172696630358,7.42346832895386,9241,TRUE
"E05013800",6.78081440109219,0.379366672973898,6.02813619848999,6.7748152358515,7.53321854049521,10254.25,TRUE
"E05013801",6.72899419313554,0.383476505712413,5.97722947250601,6.72486293454245,7.48604296153372,11214.5,TRUE
"E05013802",6.68201662186136,0.342720248930429,5.99394734805173,6.68069065217074,7.35979582768181,9557.25,TRUE
"E05013803",6.68359185315463,0.397792821428684,5.8854304251329,6.68505061789534,7.47178019430988,9529.75,FALSE
"E05013804",6.58050511050173,0.348288600432163,5.8917051114512,6.58660492671123,7.24000218756128,11080.75,TRUE
"E05013805",6.67020240127448,0.402809484174546,5.87493922535922,6.66952626446415,7.47542300428207,10549,FALSE
"E05013806",6.5837843532139,0.375305692186875,5.82722260752081,6.59215648948476,7.31117883082473,9620.25,TRUE
"E05013807",6.5282897957041,0.367279055959011,5.78725070629118,6.54275783292088,7.24183606749565,9350.75,TRUE
"E05013808",6.77239121412123,0.376483657721877,6.04367589770189,6.76743194627894,7.51481248504642,10845.5,TRUE
"E05013809",6.79900073066612,0.369846868115612,6.09960104915964,6.79329164251816,7.54000428814925,10156.5,TRUE
"E05013810",6.83743497398824,0.346561442407139,6.17742929993491,6.82786085522369,7.53796605498513,9106.5,TRUE
"E05013811",6.74276962428063,0.342032914839782,6.07192487426029,6.74247302983528,7.43527020943632,8347,TRUE
"E05013812",6.76223853246034,0.360817430611089,6.06087585830836,6.7659158986288,7.49013170187008,10275,TRUE
"E05013813",6.49946947087596,0.337000112696944,5.79619118246663,6.51167780868465,7.15207071433569,9755,TRUE
"E05013814",6.69446899863073,0.374949787921342,5.93948933733305,6.68866362163582,7.44764453973418,9886.25,TRUE
"E05013815",6.49918661799455,0.372546313474493,5.73807199302937,6.50979841309176,7.20967073668918,10212.25,TRUE
"E05013816",6.7004437922896,0.390793554079869,5.91024450858393,6.70579569114444,7.48158126409701,7231.5,TRUE
"E05013817",6.19425008211837,0.379638186176542,5.42737847065857,6.20977864121217,6.90963801762133,9737.5,TRUE
"E05013818",6.62324890893775,0.398632822401547,5.81475635591755,6.62354265126373,7.40356040681426,10068.75,TRUE
"E05013819",6.82138401993397,0.335165867885488,6.16652945557816,6.82087958057903,7.48037622432553,9707.5,TRUE
"E05013820",6.72007553288532,0.39222789836617,5.9428810314372,6.72536119026905,7.49798568433945,7074.5,FALSE
"E05013821",6.7118462791611,0.355849165378531,6.01966119147208,6.71225069190787,7.4308418551721,9727.5,TRUE
"E05013822",6.80798237378867,0.377498436794504,6.08927435112956,6.80118880428197,7.56076411017304,8051,TRUE
"E05013823",6.89723869462762,0.382214643772045,6.18267016484586,6.8875661933606,7.68221014065347,10429.25,TRUE
"E05013824",6.74608847354124,0.334981350613712,6.09535331463938,6.74303313185391,7.41320817619996,9562.25,TRUE
"E05013825",6.73059003413303,0.39365787934205,5.95833829861078,6.73465554461147,7.49192015955643,10241,FALSE
"E05013826",6.75156418979509,0.392773053769899,5.97238624479938,6.74486439564279,7.52391953559978,4848.5,TRUE
"E05013827",6.74712698100828,0.3585221722107,6.02545786020701,6.7515459177163,7.45615038319745,8990.75,TRUE
"E05013828",6.63828986563847,0.378514838430378,5.86744052152411,6.64774511570405,7.38095713413479,9217,TRUE
"E05013829",6.6805788630034,0.369934449539255,5.9449753652012,6.68380706566775,7.39621146741191,10914,TRUE
"E05013882",6.79657126424227,0.337161043533944,6.12993138868943,6.79021506456253,7.47298186392035,13750.25,TRUE
"E05013883",6.72467772008187,0.32654461052224,6.08704351596475,6.72050089279234,7.37420806485433,9119.75,TRUE
"E05013884",6.81500727440505,0.372074901386475,6.09560676522237,6.80103697371027,7.56805755101625,11294,TRUE
"E05013885",6.78584195904553,0.302494875704955,6.20852627688651,6.78577016537625,7.38806759927708,9877.25,TRUE
"E05013886",6.49630011662481,0.353132684376723,5.76751030203997,6.50271849835438,7.16237071350015,7971.25,TRUE
"E05013887",6.64431281996877,0.361317865375214,5.91948710648978,6.64858754489152,7.35133338471265,14377,TRUE
"E05013888",6.53861461920044,0.324371183888863,5.89361455101033,6.54297923822083,7.16033447206279,12767.25,TRUE
"E05013889",6.70632395628391,0.365272456427689,5.98623226355908,6.70756700263775,7.43966267757014,8187.75,TRUE
"E05013890",6.72871171730639,0.338486488392686,6.05845543409655,6.73088060027351,7.38732162258187,11053,TRUE
"E05013891",6.5615327928534,0.379382037170206,5.82698646800703,6.56060188460104,7.3081672651901,9914,TRUE
"E05013892",6.44561702165414,0.389453151669204,5.65775369872218,6.46553765424393,7.18133992938486,11842.25,TRUE
"E05013893",6.66124701324908,0.397347745970713,5.89065908184938,6.65550063928882,7.46247007532666,12208.25,FALSE
"E05013894",6.6038086891694,0.327732267269034,5.94639628408485,6.6112959884718,7.23960765619232,11449.75,TRUE
"E05013895",6.61904368038386,0.363474103680267,5.88127710007329,6.61992282934658,7.35080083859777,13246.25,TRUE
"E05013896",6.56487510169799,0.321388434666157,5.94057589386123,6.57345949169782,7.19074552115303,11180.75,TRUE
"E05013897",6.73958680468518,0.371389904493999,6.00649537895499,6.73630750933762,7.48443584151532,10698,TRUE
"E05013898",6.65982656778497,0.396173406362458,5.8740891050734,6.66404399273667,7.46901297332091,7901.75,FALSE
"E05013899",7.06334557850736,0.334679683597863,6.45099188325988,7.05408427113106,7.748818613943,10058.5,TRUE
"E05013900",6.52447937109737,0.383023337460861,5.72115211930518,6.53783857491205,7.26866354995703,6819.75,TRUE
"E05013901",6.77653963115647,0.322720334335552,6.16338541220371,6.76970695969987,7.4049129876854,11903,TRUE
"E05013902",6.82329636620982,0.358807800472916,6.1447469676015,6.81814182945626,7.54298250866342,12696.75,TRUE
"E05013903",6.51420243242003,0.365506757558024,5.77540660894882,6.51755508059849,7.22620245886606,7926.75,TRUE
"E05013904",6.70413857242502,0.294270228673297,6.13961218365346,6.70623204220147,7.28586054866576,13712.5,TRUE
"E05013905",6.66000681140518,0.358667749318169,5.9550206709819,6.66017466903083,7.38555724596926,12409,TRUE
"E05013906",6.65660355924956,0.385232404612378,5.8762619245444,6.66468046002415,7.40328452551967,9110.5,TRUE
"E05013907",6.65199245810424,0.391152956132359,5.87800992478432,6.6565575907436,7.41314443930361,6209.25,FALSE
"E05013908",6.70288603030605,0.362323548655618,5.97229627660008,6.70306253570222,7.42823571986069,14827.75,TRUE
"E05013909",6.5545727402499,0.34187635460417,5.87273538286156,6.55822966842905,7.21265641579807,12463.25,TRUE
"E05013910",6.19376604035773,0.383014035562617,5.38863245403842,6.21412282195117,6.88784439740378,14880.25,TRUE
"E05013911",6.57510093404181,0.365831659280669,5.83348009481634,6.57656842018573,7.27452487796412,9292.5,TRUE
"E05013912",6.71525204736,0.300804332198306,6.11928071005133,6.71347285269042,7.30263046463516,15012.5,TRUE
"E05013913",6.71906795097677,0.366220997735024,5.98054711848191,6.71896511441837,7.45016576633266,13803.5,TRUE
"E05013914",6.91179264559801,0.310271158534342,6.32029413632542,6.89962677532729,7.53649189362866,13127.5,TRUE
"E05013915",6.82081460697212,0.317734481971039,6.21465141093686,6.81211948332239,7.47362313735334,14036.25,TRUE
"E05013916",6.79852675092361,0.301389502651184,6.24127458475652,6.79379276107714,7.40069954215061,12961,TRUE
"E05013917",6.67378067848029,0.329462257414302,6.01492505947444,6.66975593869849,7.30987172828373,10811.25,TRUE
"E05013918",6.91274667952146,0.317565837606642,6.30568506030328,6.90359418655073,7.55618338984723,15153.25,TRUE
"E05013919",6.55591445752149,0.292241120151699,5.96640294481064,6.56613038991189,7.11862348028567,10890.5,TRUE
"E05013920",6.52276924971557,0.324112546737055,5.86069663877398,6.52332315621393,7.14819446283733,14018,TRUE
"E05013921",6.64038154918039,0.383142962090888,5.88518004105834,6.63319404395399,7.40495234784184,9679.5,TRUE
"E05013922",6.80156940352413,0.360338792055549,6.1164157115402,6.79938932654673,7.51680943467366,7782.25,TRUE
"E05013923",6.68801696796373,0.360019989056918,5.98459390374439,6.69146852243859,7.38284639816883,12881.25,TRUE
"E05013924",6.29872863324517,0.388647249995024,5.4878053637389,6.30970787791226,7.025750407052,14099,TRUE
"E05013925",6.65365277565149,0.370433543943946,5.92390093910928,6.65335257657885,7.38623991687328,10509.25,TRUE
"E05013926",6.72263700818892,0.385409432148755,5.96891532444013,6.73043463785982,7.49404008686806,13636.5,TRUE
"E05013927",6.74158659083233,0.369847425515834,6.00956065421879,6.74364105693768,7.50478950229509,13571.75,TRUE
"E05013928",6.63975106889243,0.366143661505852,5.92240106499498,6.65037002709645,7.34361017453709,5480.75,TRUE
"E05013929",6.8907206274295,0.344492860388408,6.22448526787644,6.89072306534583,7.58566333117356,5243.75,TRUE
"E05013930",6.71251215364417,0.373234120193443,5.96471523021547,6.71528613943909,7.45279224156283,6946,TRUE
"E05013931",6.76421216217946,0.387115543759251,6.00118392205686,6.76677163779366,7.54110804188569,8114.75,TRUE
"E05013932",6.76191568650572,0.401658722631481,5.96620718076379,6.7568842369453,7.56853759565857,6462.25,FALSE
"E05013933",6.91978533580621,0.323007200295374,6.30444328557897,6.91227395655922,7.5749052250818,8816,TRUE
"E05013934",6.7198579631773,0.348659557799192,6.02708151507505,6.72503077753208,7.39074453687844,6021.5,TRUE
"E05013935",6.76057582447906,0.402395694403081,5.96101863691496,6.76187788271789,7.56864678306029,9418.75,FALSE
"E05013936",6.82528353297155,0.388297703643236,6.06757922749375,6.82548411244658,7.6087374201367,4746.75,TRUE
"E05013937",6.73666404397613,0.40129681700638,5.94446548846845,6.7456017067392,7.5121687631958,8919,FALSE
"E05013938",6.78895749905208,0.360184421749367,6.11234664597447,6.78148010289267,7.50637621429846,9210.5,TRUE
"E05013939",6.67944053009013,0.367500293436565,5.96164149126551,6.68578417473434,7.37060655058408,6044.25,TRUE
"E05013940",6.90499999613284,0.361030273553806,6.21144683494323,6.89688041198313,7.6240457608211,8089.25,TRUE
"E05013941",6.70881387007023,0.378211189078899,5.95905866096555,6.7160670907384,7.46303195640511,9383.75,TRUE
"E05013942",6.87455190135104,0.342676472230763,6.21219352883688,6.86963925871365,7.55913081176375,5770.5,TRUE
"E05013943",6.88020648061646,0.337464243255329,6.2266745799701,6.87490691659104,7.54796679141485,10586,TRUE
"E05013944",6.79528867995013,0.345094131696755,6.1165496740434,6.79264430580197,7.48104800858599,9334.5,TRUE
"E05013945",6.58834503590048,0.359800459710424,5.83761734592744,6.59700069898082,7.28590872227234,9343.25,TRUE
"E05013946",6.82316726712676,0.353488690893454,6.15656856706403,6.80927384348358,7.53875002212999,5691.5,TRUE
"E05013967",6.66026158554253,0.397310872708591,5.88128441760329,6.66413574621627,7.4430978147685,4008.25,FALSE
"E05013968",6.92854180271095,0.353364791244037,6.26226337703334,6.91800884415713,7.68299418151035,11166.75,TRUE
"E05013969",6.44444190147474,0.313102145860438,5.82049986138337,6.45146267939875,7.03821738168218,14188.25,TRUE
"E05013970",6.84698076040865,0.331283590837848,6.20108442496475,6.8418224577945,7.50647664315109,8383.75,TRUE
"E05013971",6.56726302859215,0.361658809621926,5.83219853204815,6.56809046472933,7.26240697321131,14588.5,TRUE
"E05013972",6.74103137289508,0.380644073313419,5.98561820227381,6.73831575337728,7.50963165440502,7410.25,TRUE
"E05013973",6.64496979879333,0.375078902919274,5.90679196697552,6.64497029757779,7.38585741861148,11882.75,TRUE
"E05013974",6.74587420510885,0.341885969013316,6.09282579017319,6.73630127334387,7.42197755318093,13744.5,TRUE
"E05013975",6.93462051722982,0.369500193083631,6.24268115592436,6.91940702606366,7.67248615852795,14008.75,TRUE
"E05013976",6.60837908087695,0.371038932463791,5.86703910493978,6.61060894283507,7.32900607291838,11949.25,TRUE
"E05013977",6.7151855344521,0.390164497621539,5.93834932956676,6.71933779369042,7.47685553416974,11288.25,TRUE
"E05013978",6.72064349817374,0.367746102974204,5.99263667181864,6.72186764495232,7.44802528001631,12241.25,TRUE
"E05013979",6.81249102505087,0.351926173801399,6.11266503790033,6.80866727919777,7.50599466130116,11499.25,TRUE
"E05013980",6.68396764130961,0.354533808601198,5.96069950859651,6.68167750301887,7.37575590253782,13263.25,TRUE
"E05013981",6.72165423030099,0.382563740174807,5.97370812892305,6.71964602048906,7.50601265631168,7315.75,TRUE
"E05013982",6.73418059052509,0.395846637644866,5.96639603739127,6.73247986570367,7.53167504658183,12861,FALSE
"E05013983",6.51033448704773,0.352209265960371,5.80170608993277,6.52164189284654,7.1978569229151,8921.75,TRUE
"E05013984",6.83669125259849,0.38687408600636,6.0643880361929,6.83876292350164,7.61464916913849,9172,TRUE
"E05013985",6.70399376301572,0.321076127657361,6.06527881871466,6.69367822376688,7.33398297582168,13304.75,TRUE
"E05013986",6.75322171458509,0.395094415214303,5.98571471056628,6.75580096898355,7.53913549479618,11619.25,FALSE
"E05013987",6.88393340337355,0.364316338446017,6.18274642366948,6.8758090698406,7.61356700687647,14382.25,TRUE
"E05013988",7.10456914481449,0.305364018948803,6.52273485011388,7.1037757709838,7.72108615319977,15210,TRUE
"E05013989",6.76870922782579,0.345292662825612,6.10036695507036,6.76438544517386,7.47164849769957,9363.25,TRUE
"E05013990",6.72235970876789,0.335475426134276,6.06526378475362,6.72861424992091,7.37850900691129,15836.75,TRUE
"E05013991",6.71737888958117,0.38197152350466,5.96946854567496,6.71889678136633,7.4731862167118,13224.5,TRUE
"E05013992",6.48495753073272,0.374899542489536,5.70590283822335,6.49802971010874,7.18441264918913,9538.75,TRUE
"E05013993",6.81762746854279,0.296259372145062,6.22167249846345,6.81972035627271,7.41461674633898,13298.25,TRUE
"E05013994",6.76863616681263,0.330673701585089,6.10579764331666,6.77163448992809,7.42199744758782,14706.25,TRUE
"E05013995",6.76832343418201,0.378922176207163,6.0448049676119,6.75682716979633,7.5174379784275,10451.25,TRUE
"E05013996",6.64800219815262,0.367457419751997,5.89545756153953,6.64959173539433,7.36858303297381,5057.75,TRUE
"E05013997",6.83930911911681,0.35867484344384,6.14579667380288,6.83541002442798,7.55214212079548,15127.5,TRUE
"E05013998",6.63909758399422,0.374427540271652,5.90039268838084,6.64703617188319,7.37277980319979,13545,TRUE
"E05013999",6.98912933852071,0.370517982960944,6.30799588499854,6.9731640474997,7.75762201479721,13178,TRUE
"E05014000",6.69454520922155,0.380524576779052,5.93189706701549,6.6978074414555,7.4375784107957,9568.25,TRUE
"E05014001",6.6269031015174,0.275624070812562,6.0817602958235,6.63403078376662,7.15509670376541,10202.75,TRUE
"E05014002",6.60237391314694,0.302023391416393,5.98785215677432,6.60666409875251,7.18596542707658,16155.75,TRUE
"E05014003",6.87410158887745,0.331396273927701,6.2356732464248,6.87427199776165,7.53496463266449,14692.25,TRUE
"E05014004",6.69669308973771,0.342831063286834,6.01811701768846,6.69741439168569,7.3635127874128,11404.5,TRUE
"E05014005",6.93477717139911,0.336042852447721,6.30984902848744,6.9249420629022,7.62530927961439,13749.75,TRUE
"E05014006",6.63390514306877,0.3173682714142,5.98851027137978,6.63705097586981,7.24215383515975,15603.75,TRUE
"E05014007",6.57180822142149,0.370874576818097,5.82071139739101,6.58163126191026,7.29513589352084,14308.25,TRUE
"E05014008",6.76326566812832,0.355418754877386,6.06868573419562,6.75992816519647,7.47062292619529,12707.75,TRUE
"E05014009",6.81165425609375,0.355165532353349,6.11761472269634,6.80520328362513,7.51344648302323,15732.25,TRUE
"E05014010",6.56956493804463,0.383874601503147,5.78552216955626,6.5809126667654,7.32577486685824,16937.25,TRUE
"E05014011",6.71640617534103,0.344490205476543,6.03904741494828,6.7225337342412,7.38796247358327,15034.5,TRUE
"E05014012",6.79969359419902,0.375987693687698,6.05096500448843,6.79416012133379,7.55852667772863,10443.75,TRUE
"E05014013",6.76268439771568,0.366954000870586,6.0504262310934,6.75754435868597,7.50554594011108,15448,TRUE
"E05014014",6.74458232252953,0.381611267151516,5.9683554625294,6.74932985457836,7.46483052932555,12142,TRUE
"E05014015",6.65236880377856,0.393602813200038,5.87467297286639,6.65546767230615,7.44560240523465,4883.25,FALSE
"E05014016",6.83191722901685,0.367890665079842,6.13434212077319,6.82375089011384,7.56312625300427,10417.25,TRUE
"E05014017",6.1901053755952,0.376406167540624,5.40808679140525,6.2060099070562,6.87006412408452,15901.5,TRUE
"E05014018",6.69992137499748,0.366897312333083,5.95740087731703,6.7053728862843,7.41260176719868,12792,TRUE
"E05014019",6.81419554165859,0.382405286458781,6.07187947855465,6.80654867490071,7.6047545179552,13479.5,TRUE
"E05014020",6.75524303171799,0.395496188601833,5.96563368164124,6.75580482110934,7.5562251765561,8810,FALSE
"E05014021",6.57164363618265,0.32835140042525,5.91685202386082,6.58259714330657,7.19233787399222,10770.5,TRUE
"E05014022",7.0420164918669,0.329049435110287,6.41266912811611,7.03532930477369,7.69438698852793,14797.75,TRUE
"E05014023",6.74228541687371,0.368080140432825,6.01467223606367,6.73969176913267,7.46885331384771,15042.5,TRUE
"E05014024",6.78994223868362,0.360750921874891,6.07200883778315,6.78198542427437,7.53252848335762,15298.75,TRUE
"E05014025",6.85835219519534,0.351898556806084,6.16817612346383,6.8535665379786,7.5429776263613,10010.25,TRUE
"E05014026",6.77241130362368,0.388646770668067,6.00185032229759,6.7655939536859,7.54917865547698,9200.75,TRUE
"E05014027",6.70392232783052,0.395266602730669,5.92416021118639,6.69114326401946,7.49922385565738,14463,FALSE
"E05014028",6.84699498397977,0.379954001418208,6.09514769045583,6.84831679774175,7.61004058560482,16312.25,TRUE
"E05014029",6.74157001584722,0.373716942725854,6.00406344114336,6.74311953906873,7.47867867999976,14413.75,TRUE
"E05014030",6.86615704640718,0.335277666396338,6.22128166280801,6.86154991896063,7.54129083057072,14711,TRUE
"E05014053",6.57287050333038,0.393503425391437,5.7898932972564,6.57872330601687,7.36375927718989,3191.25,FALSE
"E05014054",6.8109875783075,0.371771802363311,6.10439421437523,6.80069353339289,7.55511211225504,8181.25,TRUE
"E05014055",6.43004717078623,0.346438833219059,5.70823690227914,6.43181460679619,7.10002388305363,7599.25,TRUE
"E05014056",6.61825053623728,0.39251012122198,5.80821151614791,6.61299243558152,7.41588617430442,6872.75,FALSE
"E05014057",6.54861597868808,0.355593207661977,5.83036986015876,6.54942593909256,7.2385809319566,7816.25,TRUE
"E05014058",6.6516527409823,0.38614629205316,5.89213561341119,6.64681551696624,7.42493264879589,11373.5,TRUE
"E05014059",6.63503058334495,0.39950578458913,5.82711915128284,6.64345398872999,7.42832200198109,7260.25,FALSE
"E05014060",6.42864943486204,0.361792413308152,5.70418230718305,6.4380709817116,7.10926519791549,12617.25,TRUE
"E05014061",6.60549006293611,0.393331935292449,5.83312240911235,6.60231282505916,7.40061128748756,8440.75,TRUE
"E05014062",6.60145169709931,0.387099977294941,5.81737407576729,6.60603008477035,7.35545761841351,10562.25,TRUE
"E05014063",6.70406481293682,0.390968884786973,5.94658888953314,6.70244503981416,7.49219278060273,7227,TRUE
"E05014064",6.6091091337194,0.320044870364806,5.98601583601239,6.61555474473076,7.23558445025761,11070,TRUE
"E05014065",6.67820698332558,0.357954349905471,5.98820399850628,6.673574018145,7.414708673666,12678.5,TRUE
"E05014066",6.32612030061687,0.37934014940775,5.55227674249435,6.35052792518883,7.03659903813641,10502.25,TRUE
"E05014067",6.63190224449795,0.371388788371196,5.89769033275316,6.62572519861954,7.36904691127555,12441.25,TRUE
"E05014068",6.57399358297665,0.395288301542942,5.79396281080336,6.56795361916198,7.37767708711169,4783.5,FALSE
"E05014069",6.40526216958005,0.37804774881122,5.6633261707082,6.41549624945969,7.11988016897303,12393.5,TRUE
"E05014070",6.52136638840316,0.343160388031983,5.83563806699118,6.51985443538995,7.19502845381666,10096.75,TRUE
"E05014071",6.56905607033397,0.363639530896341,5.83250550103673,6.56817456576307,7.27660778836437,10924,TRUE
"E05014072",6.62544246243946,0.365219125089391,5.90632935980084,6.63443174031576,7.34199187078574,14451.5,TRUE
"E05014073",6.85149182353145,0.382418284830568,6.11632573110148,6.84202498260524,7.6262374754476,12980.5,TRUE
"E05014074",6.72427548307448,0.39413440640524,5.93434677505747,6.72152840644235,7.50949825856347,10221.75,TRUE
"E05014075",6.62746067480104,0.371796281331806,5.89307751014693,6.63417344673346,7.34583608637026,8906.25,TRUE
"E05014076",6.6830286711196,0.366129513083662,5.9578329404246,6.68607397641444,7.43167294608099,12605.25,TRUE
"E05014077",6.62395474130706,0.380256096742733,5.89520938733021,6.62824382637102,7.38101893553399,8153.5,TRUE
"E05014078",6.72979092199965,0.389532302315423,5.94178733899534,6.72960161455152,7.5084345338504,9112.25,FALSE
"E05014079",6.53381810321965,0.370277577000676,5.80561685298668,6.54498833566782,7.2463618543898,13335.25,TRUE
"E05014080",6.70561299584158,0.360942482978538,5.99914366010082,6.70093581958476,7.42290934519915,9691.5,TRUE
"E05014081",6.78933686370046,0.359013175160918,6.07589061453859,6.78664578179376,7.51417782589586,9295.75,TRUE
"E05014082",6.47320889386075,0.348772696395338,5.79614754833201,6.48114670074912,7.1661905886659,9888.5,TRUE
"E05014083",6.5297911616221,0.3734598219168,5.77827306957393,6.54591042054667,7.23174774726033,8606.25,TRUE
"E05014084",6.84369217483888,0.359401697520777,6.14754605588662,6.84050286528934,7.55160960119345,5253,TRUE
"E05014085",6.7307679219462,0.355780329172558,6.01943521300377,6.72616545815132,7.43622776671103,7790.75,TRUE
"E05014086",6.68207002569384,0.383173784415816,5.92270237861423,6.67886359957498,7.4320888833331,12382.5,TRUE
"E05014087",6.64726550816864,0.382341988961964,5.88238051792306,6.64295513259429,7.41680170833454,18433.25,TRUE
"E05014088",6.76666969202075,0.377120569779966,6.00973970241477,6.76592862763948,7.51332309288183,12792.25,TRUE
"E05014089",6.73518504995037,0.367153067869888,6.01830896704711,6.7374233256732,7.47479972861748,9930.75,TRUE
"E05014090",6.70818552685366,0.357479889050173,6.00930139667053,6.70801307375006,7.42341463053876,9957.5,TRUE
"E05014091",6.45394013351615,0.386182539325919,5.65954950155522,6.4673176428079,7.20271431624309,9837.25,TRUE
"E05014092",6.65360864249837,0.358432169083756,5.96132033190231,6.65189350974624,7.36933202853488,10711.75,TRUE
"E05014093",6.73516582330987,0.335984185464481,6.08243009047345,6.7258390531438,7.4078564935177,10555.75,TRUE
"E05014094",6.66388448059351,0.327757349798332,6.0109480950452,6.66361749235088,7.32561899456789,9665.5,TRUE
"E05014095",6.61702406363653,0.38005185211175,5.84595395725856,6.624307699337,7.35397586507892,14138,TRUE
"E05014096",6.59926187246845,0.344170481374829,5.91224367827503,6.59985985230061,7.268903757806,14400.5,TRUE
"E05014097",6.58357875906049,0.347863708842531,5.87562053790414,6.58657428864213,7.2588162549821,13076.75,TRUE
"E05014098",6.49441058239555,0.37538050265607,5.74138946849745,6.50283556134623,7.20964281708196,8548.25,TRUE
"E05014099",7.01624868703894,0.368588508584029,6.31603574314383,7.0086648320663,7.75966543945764,8947,TRUE
"E05014100",6.67378081477388,0.369534627141175,5.95299962127189,6.6770053071469,7.41767884090375,8982.5,TRUE
"E05014101",6.55424548052393,0.383968823257204,5.76603558524928,6.56451506696408,7.27848926030479,11324,TRUE
"E05014102",6.7693795699651,0.390694509900215,6.01701473127463,6.7682132667828,7.54438039048939,14475.75,TRUE
"E05014103",6.83928799007473,0.355671309727437,6.15692051111331,6.83042235459596,7.57051728781269,8657,TRUE
"E05014104",6.75302936158239,0.350061857610694,6.06290572558962,6.74780546149371,7.4748175663176,14210.75,TRUE
"E05014105",6.63528339417408,0.363464069936248,5.91708006691668,6.63921417770429,7.33618200171849,12878,TRUE
"E05014106",6.54909563429672,0.349876750655404,5.81618861779362,6.55298887476745,7.21574949643713,14317.75,TRUE
"E05014107",6.59106805257769,0.350684093955653,5.87815754882949,6.59645747405615,7.2715281927432,9637.5,TRUE
"E05014108",6.64401678914597,0.349946580053347,5.93779165976219,6.64681576393416,7.3241178573082,11373,TRUE
"E05014109",6.80771352534508,0.368305752080847,6.1056482240473,6.79573874655066,7.54051285059169,9324.25,TRUE
"E05014110",6.78970500136693,0.373499131032392,6.07222435779821,6.78616578506014,7.53945973865392,9765.5,TRUE
"E05014111",6.6267007959617,0.372240162350007,5.87992019239585,6.63210926452343,7.35322087039269,14373.75,TRUE
"E05014112",6.57989362527407,0.357303315106112,5.84809814966692,6.5855006053868,7.2667128259056,15300.5,TRUE
"E05014113",6.70663332999936,0.37983852174689,5.98058348736831,6.70025551419769,7.47288727152293,8669.25,TRUE
"E05014114",6.75017787444465,0.384596179624515,5.98736417736113,6.74113929217859,7.55647585298656,9516.5,TRUE
"E05014115",6.69565601742318,0.394508738692886,5.90875267491571,6.68976169825699,7.48687434571595,13804.25,FALSE
"E05014116",6.71014947991322,0.396913963391835,5.92036929639251,6.71082552465151,7.49421738059196,8539.5,FALSE
"E05014117",6.92874939449958,0.338829320105817,6.30896616803086,6.90621591155148,7.62633716037613,8931.5,TRUE
"E05014118",6.55098808838666,0.384125223876738,5.76200257790469,6.54922882179351,7.3047354236514,8215.25,TRUE
"E05014119",6.71557968368176,0.376514866929032,5.94308886149556,6.71834835254356,7.45326787575425,9713.25,TRUE
