"wd24cd","mean","post_sd","mcse","rel_mcse","has_microdata"
"E05009317",6.12641022083909,0.223527949774844,0.00228044101180712,0.0102020396738044,TRUE
"E05009318",6.29334769744668,0.245814312768444,0.00252805610287581,0.0102844137690925,TRUE
"E05009319",6.01014572456453,0.2430144531096,0.00257377319957087,0.0105910293261862,TRUE
"E05009320",6.19768908124395,0.278233902527977,0.0029085454826224,0.0104535984155631,TRUE
"E05009321",6.47536691351787,0.202324292844525,0.00203717443787833,0.0100688573242354,TRUE
"E05009322",5.98535501403499,0.256249369219024,0.0026573885246042,0.0103703222088045,TRUE
"E05009323",6.49478275672379,0.27052957671603,0.00273325167312504,0.0101033377063761,TRUE
"E05009324",6.30037526778394,0.28480942041649,0.00301828634720801,0.010597565006081,TRUE
"E05009325",6.14110155070875,0.220784781294197,0.00224379625006857,0.0101628211732524,TRUE
"E05009326",6.40283943990871,0.313964425171535,0.00321725713062292,0.0102472027805862,TRUE
"E05009327",5.82504865198466,0.16649466136671,0.00176174853876921,0.010581411585858,TRUE
"E05009328",6.28229266358423,0.278979986009601,0.00307626591425963,0.0110268337104073,TRUE
"E05009329",6.66762107794338,0.213027946594241,0.00231094949392661,0.0108481048185115,TRUE
"E05009330",6.14217762290706,0.247425791911584,0.00258439889441957,0.0104451475105032,TRUE
"E05009331",6.05510043462748,0.231264873969664,0.00238189571387459,0.0102994271157108,TRUE
"E05009332",6.04648700539454,0.219611466039793,0.00237182458112863,0.0108000944754809,TRUE
"E05009333",6.20877979951096,0.210517150162639,0.00225773193822852,0.010724693624649,TRUE
"E05009334",6.44591221282781,0.256154791599989,0.00270911948381499,0.0105761030933419,TRUE
"E05009335",6.25855199850262,0.279397651857198,0.00283919495313894,0.0101618425719271,TRUE
"E05009336",6.51628570665496,0.282811452085241,0.00304918133442881,0.0107816756073575,TRUE
"E05009367",6.01272913972753,0.259329897012281,0.0027687623369709,0.01067660292496,TRUE
"E05009368",6.29377575607183,0.281378925559702,0.00288803604802832,0.010263867637861,TRUE
"E05009369",6.41226057162965,0.256498377953699,0.00274925418534103,0.0107184076845792,TRUE
"E05009370",6.38787473881111,0.320192173577648,0.00331761681123213,0.0103613301167325,TRUE
"E05009371",6.38568087437327,0.307731066880928,0.00323755351209316,0.010520723646488,TRUE
"E05009372",6.32170785089399,0.287237206618966,0.00290571145039785,0.010116069170149,TRUE
"E05009373",6.29787942013269,0.331813320299861,0.00378372873876779,0.0114031851866237,FALSE
"E05009374",6.24883030284163,0.279856551561569,0.00291698023617545,0.0104231264906932,TRUE
"E05009375",6.26850466844379,0.25247854331691,0.00253950220438501,0.0100582891956781,TRUE
"E05009376",6.37803676706064,0.278161261113754,0.00279242774403115,0.0100388808019143,TRUE
"E05009377",5.91156045865293,0.263809822452112,0.00274600852169587,0.0104090457897728,TRUE
"E05009378",6.20949730307893,0.299922791570926,0.00303779734306614,0.0101285978539839,TRUE
"E05009379",5.85676948669121,0.273308697434923,0.00293459262196051,0.0107372822361764,TRUE
"E05009380",6.34758959387134,0.245809866221647,0.00262773319922516,0.0106901046716153,TRUE
"E05009381",6.3810829769891,0.282210427318336,0.00308444666542363,0.0109295985082236,TRUE
"E05009382",6.27292382633889,0.309857217514458,0.00312819523569062,0.0100956022931583,TRUE
"E05009383",6.2549231645039,0.265735972940788,0.00271446962018235,0.010214912155635,TRUE
"E05009384",6.52454363163751,0.284696570696475,0.00309360174408779,0.0108663119352639,TRUE
"E05009385",6.80749979216662,0.265162460067635,0.00290682960435086,0.0109624477145423,TRUE
"E05009386",6.3287983233164,0.284820879761962,0.00298712631553437,0.0104877364258928,TRUE
"E05009387",6.27928769800433,0.330572327542756,0.00369355369254791,0.0111732089615704,FALSE
"E05009388",6.33218403573753,0.333042635271069,0.00368466143307943,0.0110636328291134,FALSE
"E05009389",6.32287596693755,0.316348542760641,0.00324404693521715,0.0102546605933687,TRUE
"E05009390",6.35302309300348,0.3295816557844,0.00370842928268267,0.0112519286725975,FALSE
"E05009391",6.31367834137986,0.331136886089223,0.00380201348550337,0.0114816972835788,FALSE
"E05009392",6.43607091654616,0.294039219840738,0.00299235959805704,0.0101767362859887,TRUE
"E05009393",6.31065554523023,0.327086407911378,0.00371570574584949,0.0113600126938208,FALSE
"E05009394",6.14314983123826,0.295633755205325,0.0030192379351099,0.0102127645505601,TRUE
"E05009395",6.24849549066652,0.302400109502288,0.00318481134312416,0.0105317797284067,TRUE
"E05009396",6.18939365510921,0.300856349796391,0.0031343958340352,0.0104182472337926,TRUE
"E05009397",6.32340476920129,0.329246462990954,0.0036336197150733,0.0110361693245377,FALSE
"E05009398",6.33759076261569,0.328563247154425,0.00376384063196386,0.0114554523811206,FALSE
"E05009399",6.24416672973966,0.301905521237098,0.00302941216918631,0.0100343052911815,TRUE
"E05009400",6.34526496362339,0.331963466097081,0.00369091498898251,0.0111184373159398,FALSE
"E05009401",6.31881091519473,0.316797902661769,0.0033663811614573,0.0106262735111963,TRUE
"E05009402",6.32168682221694,0.327267024598209,0.0038227263690712,0.0116807563296804,FALSE
"E05009403",6.36561602912441,0.331444967740812,0.0037437988569907,0.011295386025949,FALSE
"E05009404",6.32021978557848,0.335102939965821,0.00374174264836433,0.0111659499279415,FALSE
"E05009405",6.35242394755783,0.32265730243955,0.0034521490206603,0.0106991194513785,TRUE
"E05011095",6.3195937235313,0.33217643661,0.00369185056669244,0.011114125385802,FALSE
"E05011096",6.50390377528776,0.241291697071078,0.00254379020690874,0.0105423859908425,TRUE
"E05011097",6.24963562264097,0.305556807918575,0.00312192092618245,0.0102171538819531,TRUE
"E05011098",6.13857412205728,0.285170104476657,0.00300483767627757,0.0105370010008309,TRUE
"E05011099",6.376698277939,0.301224166579883,0.00311929297185807,0.0103553875084948,TRUE
"E05011100",6.57531789123383,0.273371112695511,0.00285697063270417,0.0104508870909354,TRUE
"E05011101",6.46506780347064,0.256717765199146,0.00270658086048045,0.0105430212762286,TRUE
"E05011102",6.16425832504963,0.287392785053303,0.00292193562983665,0.0101670458751938,TRUE
"E05011103",6.43755037632109,0.311796142619354,0.00329041890245979,0.0105531097171936,TRUE
"E05011104",6.40979463896077,0.271445395203293,0.00279475924624614,0.0102958432732044,TRUE
"E05011105",6.60829199986691,0.292918863510322,0.00304837600260378,0.0104068955002496,TRUE
"E05011106",6.34662912073761,0.288789392929367,0.00294013214704843,0.0101808868990127,TRUE
"E05011107",6.35792350064214,0.295814869733141,0.00316659919478805,0.0107046653795486,TRUE
"E05011108",6.53691358517554,0.282649281662589,0.00313778761715469,0.0111013465121783,TRUE
"E05011109",6.19709074145332,0.266132064012211,0.00275148327730393,0.0103387890802127,TRUE
"E05011110",6.19754261924029,0.295347105819089,0.00308244624107506,0.0104366901870478,TRUE
"E05011111",6.54516628164418,0.316888137338285,0.00337183912211038,0.0106404712730249,TRUE
"E05011112",6.37686874936961,0.28198477956605,0.00292699787018074,0.0103799853122751,TRUE
"E05011113",6.4152983065701,0.299908507506105,0.00333229214119203,0.0111110290565005,TRUE
"E05011114",6.30788822206315,0.330826690398104,0.00390287225154391,0.0117973318502426,FALSE
"E05011115",6.30516459387114,0.284100448373847,0.00290072065933995,0.0102101938801691,TRUE
"E05011116",6.49600722066362,0.30799031968013,0.00310387830567472,0.0100778437091735,TRUE
"E05011117",6.29050201313523,0.309367752165568,0.00318991510080843,0.010311078250655,TRUE
"E05011217",6.36396582087185,0.336068358347845,0.00382911708294994,0.0113938637418124,FALSE
"E05011218",6.49992075792716,0.248025207254557,0.00253862373045078,0.0102353456672866,TRUE
"E05011219",6.55964910963534,0.305089171949452,0.00329019868708209,0.0107843836805432,TRUE
"E05011220",6.44079372783884,0.278964242461329,0.00307037128165712,0.0110063255941584,TRUE
"E05011221",6.3932852362979,0.253935853366197,0.00262057901091115,0.0103198464343357,TRUE
"E05011222",6.61028219716634,0.267800837113132,0.00276443849609303,0.0103227403091544,TRUE
"E05011223",6.33483133991129,0.234618976321648,0.00234605104730979,0.00999940876092431,TRUE
"E05011224",6.43592509247015,0.29967663257977,0.00320516733675476,0.0106954196233555,TRUE
"E05011225",6.34914544111545,0.315872184469652,0.003267665576641,0.0103448981496342,TRUE
"E05011226",6.55433944380558,0.240815292598747,0.00244612651467086,0.0101576876130814,TRUE
"E05011227",6.38391578117114,0.281998103891384,0.00303556450695709,0.0107644855233717,TRUE
"E05011228",6.25361988494442,0.313702678407069,0.00322249550436924,0.010272451356592,TRUE
"E05011229",6.51364544422279,0.268041316985768,0.0028012716777523,0.0104508950681698,TRUE
"E05011230",6.28596456773284,0.277925103985523,0.0027677408940857,0.00995858544044973,TRUE
"E05011231",6.4505114016056,0.229013743796632,0.00228248248656614,0.00996657427072596,TRUE
"E05011232",6.22877361674573,0.299659788923279,0.003147028850182,0.0105020058296434,TRUE
"E05011233",6.5771217269203,0.281198573569456,0.00295302039067304,0.0105015482588984,TRUE
"E05011234",6.51849010890858,0.255147416221665,0.00255708281163372,0.0100219819957424,TRUE
"E05011235",6.36698115507114,0.25417588846096,0.0025715976795075,0.0101173942779489,TRUE
"E05011236",6.37722768712482,0.312005947737236,0.00320460866038092,0.0102709858053083,TRUE
"E05011237",6.32721914046378,0.272637398709544,0.00281386084452968,0.0103208908896884,TRUE
"E05011238",6.3276891705345,0.328940661362818,0.0038209538566331,0.0116159365668042,FALSE
"E05011239",6.20013800093961,0.316745830451852,0.00324719311350404,0.0102517312031283,TRUE
"E05011240",6.18407848655932,0.299692302769241,0.00313403972963645,0.0104575249370005,TRUE
"E05011241",6.03606532334859,0.293851020944907,0.00322661923245381,0.0109804594929713,TRUE
"E05011242",6.56086285482311,0.235023809814608,0.00237497744075438,0.0101052631332451,TRUE
"E05011243",6.25608902224548,0.295767934894517,0.00303115148385559,0.0102484114274816,TRUE
"E05011244",6.35432649403665,0.280540617622559,0.00292295377322945,0.0104190038433651,TRUE
"E05011245",6.3025519376424,0.32641386400526,0.00370909094024494,0.0113631538033727,FALSE
"E05011246",6.18299462802166,0.278700769148077,0.00284374237598039,0.0102035684532664,TRUE
"E05011247",5.75513214401665,0.264246855699045,0.00294068244976078,0.011128542824025,TRUE
"E05011248",6.35054811359841,0.248124149243513,0.00251566544439658,0.0101387368060159,TRUE
"E05011249",6.38378817248594,0.318206137372045,0.00330388594013657,0.0103828479470013,TRUE
"E05011250",6.03860930718243,0.271269502471224,0.00275615123213715,0.0101601956984807,TRUE
"E05011251",6.36564774622536,0.235099815100844,0.00240160974513318,0.0102152770477639,TRUE
"E05011252",6.34807264212727,0.33035569219412,0.00363562680458003,0.0110051889235912,FALSE
"E05011253",6.4175493479919,0.241569185949116,0.00250812790178432,0.0103826483163818,TRUE
"E05011254",6.50785020858696,0.277043287588674,0.00291297875662428,0.0105145256612359,TRUE
"E05011255",6.46044101023639,0.290082497409082,0.00309698976644102,0.0106762379464541,TRUE
"E05011462",6.30082517878654,0.287367545880612,0.00289219022871743,0.0100644288827208,TRUE
"E05011463",6.43472003461564,0.285239133206668,0.00287961212468856,0.0100954314799511,TRUE
"E05011464",5.9236358624977,0.280638107257139,0.00283213717688231,0.0100917769313749,TRUE
"E05011465",6.17083513901106,0.253195569962147,0.00250688045380092,0.00990096491094095,TRUE
"E05011466",6.60249484567108,0.248983898454563,0.00262300019330954,0.0105348185548962,TRUE
"E05011467",5.94290244001261,0.28951486278335,0.00303927064652715,0.0104978052501626,TRUE
"E05011468",6.23657545524689,0.308089306078848,0.00317072388747788,0.0102915739849355,TRUE
"E05011469",6.51590787366657,0.268389356816443,0.00277830375740221,0.0103517657717789,TRUE
"E05011470",6.094203745897,0.297206294374622,0.00303395875459888,0.0102082587482977,TRUE
"E05011471",6.45166115006311,0.298842287741096,0.00316006400311455,0.0105743535394572,TRUE
"E05011472",6.23382285609682,0.29281553267332,0.00321360407286916,0.010974841544538,TRUE
"E05011473",6.20430308320001,0.309955401280495,0.00317192505021432,0.0102334885506443,TRUE
"E05011474",6.43506719661592,0.307346500722161,0.00313487407709096,0.0101998040313622,TRUE
"E05011475",6.3342619556549,0.305850515061755,0.00320928961617019,0.0104930005284516,TRUE
"E05011476",6.08264406965143,0.249628957655527,0.00262690507552346,0.0105232385705365,TRUE
"E05011477",6.44190314520429,0.291555302285831,0.00308163240365037,0.0105696325173646,TRUE
"E05011478",6.3221561235946,0.300151197414263,0.00309257821002646,0.010303401208019,TRUE
"E05011479",6.26174557736903,0.326481064801341,0.00364870545183531,0.0111758562600116,FALSE
"E05011480",6.61991623587452,0.24103749304784,0.00258951349247317,0.0107431979138582,TRUE
"E05011481",6.51195374381427,0.310734641171039,0.00332074501865724,0.0106867551237372,TRUE
"E05011482",6.22432800978219,0.279280245824591,0.00287728262468812,0.0103024924523136,TRUE
"E05011483",6.3051739233609,0.328977738235948,0.00367353866222687,0.011166526592119,FALSE
"E05011484",6.11319119961481,0.29458110598936,0.00316010038836926,0.0107274374497168,TRUE
"E05011485",6.28917809371246,0.327909341728467,0.00369062644499395,0.0112550207491498,FALSE
"E05011486",6.46639510607899,0.27592977882167,0.00281429883795627,0.0101993298801399,TRUE
"E05011487",6.05034006122154,0.285810294484903,0.00299759105206095,0.0104880443773493,TRUE
"E05011488",5.64639697593028,0.303679741668626,0.00344313831291377,0.0113380573033775,TRUE
"E05011489",6.49433488819815,0.282209904229911,0.00304925964778969,0.0108049349157694,TRUE
"E05013496",6.10350555306816,0.260432784428036,0.00275467354098745,0.010577291745497,TRUE
"E05013497",6.30022523157054,0.332026493073422,0.00376212846545406,0.0113308080648315,FALSE
"E05013498",6.33764564074662,0.326683086563989,0.00364896331331724,0.011169734410485,FALSE
"E05013499",6.4819804353995,0.30042880076641,0.00309432969455577,0.010299710569233,TRUE
"E05013500",6.06665732405845,0.221848297506345,0.00227370397507375,0.0102489133368658,TRUE
"E05013501",6.41209009384113,0.314856948276828,0.00336665350559716,0.0106926447836785,TRUE
"E05013502",6.38186065256406,0.24392143852576,0.00247776484134593,0.0101580445586141,TRUE
"E05013503",6.21345451739251,0.27711465345453,0.00285962186765269,0.0103192733837942,TRUE
"E05013504",6.14418929230671,0.299231327109428,0.0031693954695027,0.0105917903052432,TRUE
"E05013505",6.41313565941182,0.281724546309158,0.0029355020750949,0.0104197597034145,TRUE
"E05013506",6.34893114838992,0.276125645650511,0.00286495469634767,0.0103755472969498,TRUE
"E05013507",6.29807334872744,0.317013363268952,0.0033720035966071,0.0106367869222797,TRUE
"E05013508",6.02139589020238,0.244116184491017,0.00265531213421114,0.0108772474047449,TRUE
"E05013509",6.20928644115686,0.276564704361653,0.00273350400398109,0.00988377750620916,TRUE
"E05013510",6.4009353036085,0.221869143713226,0.00222998417111797,0.0100508981726648,TRUE
"E05013511",6.23317146107565,0.253910251895791,0.00260055397495939,0.0102420203813854,TRUE
"E05013512",6.27175780737116,0.322607438924793,0.00333597822650678,0.0103406735989261,TRUE
"E05013513",6.65131351264322,0.279651241692926,0.00307371633578186,0.0109912486609195,TRUE
"E05013514",6.88019016405515,0.234070634116223,0.0025614391045581,0.0109430177528646,TRUE
"E05013515",6.23824904941654,0.278625945150252,0.0029143020720964,0.0104595502422606,TRUE
"E05013516",6.25084218821305,0.326005878116682,0.00366859758426089,0.0112531639167189,FALSE
"E05013517",6.18440143048485,0.289986613995437,0.00301869036497002,0.0104097576208036,TRUE
"E05013518",6.14325302421782,0.290192608800706,0.00304123651179745,0.0104800619297856,TRUE
"E05013519",6.50442936880807,0.262921975831723,0.00274093059210619,0.0104248820717081,TRUE
"E05013520",6.54322162037441,0.240462544023308,0.00241467447182346,0.0100417904236653,TRUE
"E05013521",6.52925989571389,0.257506935394149,0.00269004771277504,0.0104465058723858,TRUE
"E05013522",6.39753211610595,0.297861183845383,0.00310318005928159,0.0104182089764755,TRUE
"E05013523",6.33934484367701,0.302725098048539,0.00319650551288469,0.0105591030723596,TRUE
"E05013524",6.40083341321952,0.256503998571205,0.002664221771079,0.0103866675994114,TRUE
"E05013525",6.48728946784398,0.320987858690118,0.0033710866596232,0.0105022248298732,TRUE
"E05013526",6.58021607376327,0.234463356149191,0.00238397140470116,0.0101677782142819,TRUE
"E05013527",6.28425174698306,0.252345653599661,0.00264988386810701,0.0105010085583284,TRUE
"E05013528",6.38049273812075,0.305046418979721,0.00315885839053837,0.0103553367422037,TRUE
"E05013529",6.24565662813478,0.268928416727916,0.00279797566688542,0.0104041651712702,TRUE
"E05013530",6.4785393398041,0.245141331949148,0.00259171097514187,0.0105723133448565,TRUE
"E05013531",5.8692050799388,0.286170512397468,0.00311409286508232,0.0108819488038554,TRUE
"E05013532",6.31039478371329,0.304837887303407,0.00313347617838324,0.0102791559346574,TRUE
"E05013533",6.0257242374589,0.321037758845141,0.0033745538507319,0.0105113923759968,TRUE
"E05013534",6.2676209874568,0.294975189603393,0.00305078803750565,0.0103425242021458,TRUE
"E05013535",6.36941387331586,0.283000487461131,0.00290048094455172,0.0102490316203081,TRUE
"E05013536",6.39939088475287,0.311374056996154,0.00331500452833485,0.0106463735621231,TRUE
"E05013537",6.22004570623102,0.257845197838796,0.00278661023675838,0.0108072993412914,TRUE
"E05013538",6.28307844864566,0.299948767661205,0.00310298294353449,0.0103450431476329,TRUE
"E05013539",6.26938968904093,0.328002184058495,0.00375213405065965,0.0114393569098628,FALSE
"E05013540",6.39421320108883,0.304670610932371,0.00311834187829812,0.0102351253005834,TRUE
"E05013541",6.4116703535313,0.273595152307853,0.00274652530828305,0.0100386475605117,TRUE
"E05013542",6.30517287401925,0.24934716173438,0.0025462355730003,0.0102116084068874,TRUE
"E05013543",6.3751083962137,0.270624252195836,0.00291738454895837,0.010780203641347,TRUE
"E05013544",6.39160665385009,0.283519785782085,0.00302532265082541,0.0106705873894483,TRUE
"E05013545",6.31287958948805,0.327522127578469,0.00362380946308191,0.0110643195007143,FALSE
"E05013546",6.12588051053297,0.267323108939725,0.0027815585313687,0.0104052303686019,TRUE
"E05013547",6.3367130897807,0.324641143488157,0.00358652387728626,0.011047656617859,FALSE
"E05013548",6.34710516899531,0.303225888834415,0.00310665562226206,0.010245350864347,TRUE
"E05013549",6.37071555216865,0.328912066074047,0.00371600591570921,0.0112978704614401,FALSE
"E05013550",6.11068328449016,0.278437804568719,0.00293673672887,0.0105471910806753,TRUE
"E05013551",6.4065298130511,0.266960100526601,0.00274679974219743,0.0102891770597147,TRUE
"E05013552",6.3479921272137,0.248258504326854,0.0025272244573791,0.0101798102112618,TRUE
"E05013553",6.40325984389308,0.300730294785437,0.00306592343733767,0.0101949271174197,TRUE
"E05013554",6.35063786415806,0.333805680781134,0.00371591497208019,0.0111319704427577,FALSE
"E05013555",6.46603434749338,0.299340888363474,0.00304511696464164,0.0101727397860332,TRUE
"E05013556",6.70621853685456,0.207217974831423,0.00206923721052955,0.00998579979469895,TRUE
"E05013557",6.18785855243035,0.276404170598797,0.0027939327384722,0.0101081424799759,TRUE
"E05013558",6.31057969790859,0.265000445497276,0.00278739485405886,0.0105184534645905,TRUE
"E05013559",6.32519525956982,0.2995173635856,0.0029911442364191,0.00998654702555917,TRUE
"E05013560",6.56349829098569,0.274683152814842,0.00285446761045424,0.0103918554203373,TRUE
"E05013561",6.48679019219366,0.264150341216991,0.00273637121992025,0.010359143233786,TRUE
"E05013562",6.32979829018512,0.245086346795621,0.00247460979563966,0.0100968896390759,TRUE
"E05013563",6.32358020667127,0.331557485002929,0.00374883053507017,0.0113067287111225,FALSE
"E05013564",6.27757746773276,0.219698958952431,0.00225164185818099,0.0102487597980313,TRUE
"E05013565",6.28659246376714,0.291430511011712,0.00307520027668314,0.010552087583443,TRUE
"E05013566",6.21459407051833,0.263075555957177,0.00258540144053571,0.00982760040600867,TRUE
"E05013567",6.38706384960953,0.280454340153826,0.00292262528415812,0.0104210378151221,TRUE
"E05013568",6.34108738073418,0.3265484900137,0.00369699953086484,0.0113214412068166,FALSE
"E05013569",6.23381091297855,0.276738230854172,0.00282752862627259,0.0102173401107076,TRUE
"E05013570",6.30830998766112,0.293173071276727,0.00300131971467474,0.0102373649176045,TRUE
"E05013571",6.33083992084181,0.265628010407615,0.00271125727243483,0.0102069705234562,TRUE
"E05013572",6.24866517321137,0.280113912668919,0.00289672112158768,0.0103412254464185,TRUE
"E05013573",6.70170850409514,0.247115302163535,0.00260518470019816,0.0105423851837152,TRUE
"E05013574",6.3634734336136,0.314272427811762,0.00323721636114106,0.0103006693386416,TRUE
"E05013575",6.17185862536282,0.312746656415202,0.00323183533303143,0.0103337166576798,TRUE
"E05013576",6.19642930784728,0.279141705196891,0.00290637540668069,0.0104118279446301,TRUE
"E05013577",6.44179153710129,0.279169249727807,0.00288457835569613,0.0103327223843909,TRUE
"E05013578",6.40615853593175,0.295051943488019,0.00319321220829645,0.0108225425345355,TRUE
"E05013579",6.33289881775745,0.327048271449211,0.00374266118092202,0.0114437577191208,FALSE
"E05013580",6.27276881002296,0.248100621153476,0.00251675086346166,0.0101440732061077,TRUE
"E05013581",6.3104418836286,0.330718838461361,0.0037092546287265,0.0112157343258203,FALSE
"E05013582",6.26505899574962,0.303083997383676,0.00314069696918802,0.0103624638591928,TRUE
"E05013583",6.34865049748881,0.310796502995901,0.00326175857743858,0.0104948368015634,TRUE
"E05013584",6.22379943105333,0.247769427414275,0.00247581797615576,0.00999242724170381,TRUE
"E05013585",6.22879785016311,0.310607396829962,0.00313572143979549,0.0100954499854107,TRUE
"E05013586",6.3569554044061,0.319879587597024,0.0032738658296531,0.010234681913425,TRUE
"E05013587",6.32146054131787,0.278057991050746,0.0029222712814506,0.0105095748926607,TRUE
"E05013588",6.22630672630901,0.299666100181002,0.0029878160562264,0.00997048399676078,TRUE
"E05013589",6.31695648141417,0.327350742405517,0.00370257857934761,0.0113107382990472,FALSE
"E05013590",6.26061949285677,0.266755164138922,0.00277741596079837,0.0104118545174703,TRUE
"E05013591",5.96894483931359,0.264893309480155,0.0027665246308947,0.0104439203705217,TRUE
"E05013592",6.19430663230461,0.306462197711262,0.00328755545547024,0.0107274420141294,TRUE
"E05013593",6.40361185011058,0.292460172693858,0.00308982539660548,0.0105649441705003,TRUE
"E05013594",6.38293518501921,0.319569564473866,0.0033748334738994,0.0105605597311987,TRUE
"E05013595",6.10880871561252,0.302167990512125,0.00308201034338809,0.010199658601047,TRUE
"E05013596",6.23356887535788,0.282694295022914,0.00291687167285537,0.0103181129729517,TRUE
"E05013597",6.15842232427347,0.289211858330324,0.00294190494949047,0.0101721449683103,TRUE
"E05013598",5.99131549129048,0.280895367325955,0.00289237809571535,0.0102969946540948,TRUE
"E05013599",6.34111943442527,0.274078527895758,0.00281109070820509,0.010256515640927,TRUE
"E05013600",6.29303775863485,0.287795124254403,0.00295002298023447,0.0102504272366572,TRUE
"E05013601",6.33948816016131,0.247930915472001,0.00246500060973028,0.00994228817748486,TRUE
"E05013602",6.10172738524305,0.27810673896499,0.00288321464295604,0.0103672951388603,TRUE
"E05013603",6.19710987182078,0.248980862816755,0.00263726159621251,0.0105922261107814,TRUE
"E05013604",5.98763340799689,0.315019443754522,0.00324368080092925,0.0102967637878787,TRUE
"E05013605",6.33145774674822,0.318349270759164,0.00343489813876962,0.0107897157439012,TRUE
"E05013606",6.2080337403624,0.310924619451989,0.00333629316333687,0.0107302315565012,TRUE
"E05013607",6.31127156629425,0.310548981224801,0.0031971278542443,0.0102950840206749,TRUE
"E05013608",6.31870669631608,0.320349858146517,0.00331031621466674,0.0103334405509639,TRUE
"E05013609",6.32940995106096,0.326079003706119,0.00365918003504749,0.0112217591241948,FALSE
"E05013610",6.42778375423492,0.269668402083008,0.00278122955493628,0.0103135166502754,TRUE
"E05013611",6.33884194944419,0.332257165299674,0.00377049464423464,0.0113481213891472,FALSE
"E05013612",6.27357320748098,0.290464447485442,0.0030152815997264,0.010380897303714,TRUE
"E05013613",6.27386527192569,0.33108946106029,0.00375637884326009,0.0113455101567732,FALSE
"E05013614",6.06038349093503,0.305085878869475,0.00313911663226538,0.0102892885239319,TRUE
"E05013615",6.29503855876708,0.318179435799702,0.00316669129423875,0.00995253287277883,TRUE
"E05013616",6.04680803897193,0.234929519316266,0.00242535967640835,0.0103237757582234,TRUE
"E05013617",6.15498003351693,0.263255722103169,0.00269107961509853,0.0102223024578509,TRUE
"E05013618",6.19796559982089,0.308811838745485,0.0031911663598976,0.0103336917809284,TRUE
"E05013619",6.13848773699088,0.278882975861332,0.00296749477827206,0.0106406451276093,TRUE
"E05013620",6.27733913616525,0.331399462562599,0.00377118182392571,0.011379565297917,FALSE
"E05013621",6.27099271689402,0.329798199054595,0.00374193900473663,0.0113461474788624,FALSE
"E05013622",5.95578847718019,0.306132791792362,0.00341246124363063,0.0111469967776113,TRUE
"E05013623",6.40443533161305,0.261272146533033,0.0026589149896142,0.0101768023300487,TRUE
"E05013624",6.2923266987797,0.318550684342284,0.00323722576141042,0.0101623569514358,TRUE
"E05013625",6.36103518050977,0.316135456117259,0.00329508004617271,0.0104230005917163,TRUE
"E05013626",6.43252732711902,0.249583160281781,0.00255928784231326,0.0102542488821113,TRUE
"E05013627",6.36323189237912,0.29014580841188,0.00292920876631933,0.010095643919009,TRUE
"E05013628",6.40736469072998,0.271865459618524,0.00268206237828064,0.00986540321100023,TRUE
"E05013629",6.4101055316099,0.320776586180978,0.00331191588865707,0.0103246808879889,TRUE
"E05013630",6.09572556755584,0.239048060831711,0.00242535205046164,0.0101458762812097,TRUE
"E05013631",6.82467465163742,0.257484761010574,0.00291234965530237,0.0113107651259515,TRUE
"E05013632",6.27479566200241,0.334433080029232,0.00387457078301863,0.0115854890391822,FALSE
"E05013633",6.43464876035239,0.278626812196954,0.00289598735136214,0.0103937856106793,TRUE
"E05013634",6.13673412974829,0.275467942965921,0.00276484069748461,0.0100368872969972,TRUE
"E05013635",6.36339820762816,0.297538313950947,0.00304184698507751,0.0102233791160724,TRUE
"E05013636",6.3898800498165,0.251257323372877,0.00256533840756987,0.0102100045209938,TRUE
"E05013637",6.42178970224706,0.280162449701636,0.00296596154518898,0.0105865777099951,TRUE
"E05013638",6.32543870393311,0.328008798612938,0.00362881725508627,0.0110631704711324,FALSE
"E05013639",6.08452295955055,0.290950582685117,0.00304700946130503,0.010472601337261,TRUE
"E05013640",6.29364142145212,0.261205739304107,0.00265765836776884,0.0101745787625083,TRUE
"E05013641",6.42515677900687,0.288843653202883,0.00313001896351796,0.0108363778425121,TRUE
"E05013642",6.27699715920491,0.313024358582726,0.00326133062092474,0.0104187758284723,TRUE
"E05013643",6.0781028010148,0.284970492510944,0.00302643739365853,0.0106201781349074,TRUE
"E05013644",6.31059492944027,0.268359367096234,0.00274572032546112,0.0102315054442519,TRUE
"E05013645",6.24734536634246,0.286545346470576,0.0029670330440264,0.0103544973965615,TRUE
"E05013646",6.40138603329732,0.297145355090887,0.00302696295370896,0.010186808919773,TRUE
"E05013647",6.42236558338261,0.299361904102748,0.00302784654827671,0.010114334879556,TRUE
"E05013648",6.4001715043835,0.262531590850995,0.00273080662597566,0.0104018210422744,TRUE
"E05013649",6.18764392557493,0.31481430543369,0.00315213166855055,0.0100126697362375,TRUE
"E05013650",6.42371377932627,0.307751165629067,0.00315859447187036,0.0102634687521458,TRUE
"E05013651",6.071232791135,0.316926842273603,0.00330423988002881,0.0104258757520332,TRUE
"E05013652",6.53931245145756,0.306596538705322,0.00328933234261787,0.010728537107783,TRUE
"E05013653",6.3675367438234,0.294055519260549,0.00317664624982733,0.0108028791903499,TRUE
"E05013654",6.2718891667968,0.323943012909982,0.00332082160549811,0.0102512524522976,TRUE
"E05013655",6.19459355486436,0.277806841402586,0.0028567725599782,0.0102833052834659,TRUE
"E05013656",6.64905614287442,0.294993583528714,0.00322037485726173,0.0109167623876411,TRUE
"E05013657",6.0788320242839,0.304098430709924,0.00328460722045356,0.010801131767716,TRUE
"E05013658",6.3705302067047,0.311669012081005,0.00317480684546015,0.010186469371023,TRUE
"E05013659",6.41432477246206,0.329978955327394,0.00374843670640955,0.0113596235332356,FALSE
"E05013660",6.28738412009931,0.321534284961784,0.00330089142979132,0.0102660636335675,TRUE
"E05013661",6.43892152761453,0.271900672974755,0.00276037486413012,0.0101521442883167,TRUE
"E05013662",6.31484406090704,0.326605568067281,0.00381082273540654,0.0116679662197967,FALSE
"E05013663",6.37007839642161,0.333327478398177,0.00379712291282663,0.0113915688291704,FALSE
"E05013664",6.40271072682423,0.313722033237739,0.00322065933247555,0.010265964743493,TRUE
"E05013665",6.25690290806705,0.308941022056237,0.00325559402278065,0.0105379143278293,TRUE
"E05013666",6.34417958515164,0.292672134699294,0.0029886487171158,0.0102115929833446,TRUE
"E05013667",6.42684799969932,0.278702808030504,0.00284402452273368,0.0102045061649411,TRUE
"E05013668",6.32496621541692,0.3244936790589,0.00347937260110174,0.0107224664936237,TRUE
"E05013669",6.42816298098243,0.312337792130135,0.00344709201977836,0.011036423086266,TRUE
"E05013670",6.33303399412318,0.324775893638272,0.00339364877255921,0.0104492015541615,TRUE
"E05013671",6.58238482354545,0.297126684928577,0.00303947688047632,0.0102295654838506,TRUE
"E05013672",6.55064039316272,0.286193277206147,0.00305737325098441,0.0106828968200471,TRUE
"E05013673",6.34615993408311,0.318718094343618,0.00352168022834173,0.0110495145736688,TRUE
"E05013674",5.96425496259913,0.264655101374989,0.00282649650493053,0.0106799245140024,TRUE
"E05013675",6.19256204211676,0.3070813158977,0.00323110511141467,0.0105219853639388,TRUE
"E05013676",6.05322024706832,0.257852939122987,0.00265544080858507,0.0102982762873163,TRUE
"E05013677",6.18380055991887,0.241039793013059,0.00240938576212154,0.00999580082609429,TRUE
"E05013678",6.43086591711019,0.300241957798862,0.00316264085449543,0.0105336405267319,TRUE
"E05013679",5.41093750423696,0.278714796543604,0.00326963680262658,0.0117311202820015,TRUE
"E05013680",6.20479342590114,0.225080608983256,0.00230479285404539,0.0102398552432247,TRUE
"E05013681",6.55333953971216,0.259237146067146,0.0026521192880951,0.0102304755638999,TRUE
"E05013682",5.85209312722063,0.303205635418622,0.00322399567135088,0.0106330334754486,TRUE
"E05013683",6.3989543081814,0.320057674382336,0.00337407399020086,0.0105420811943108,TRUE
"E05013684",6.18822631720445,0.266259873428741,0.00274590283392861,0.0103128676453138,TRUE
"E05013685",6.40287204527103,0.199340875333298,0.00201001468715683,0.0100833042084123,TRUE
"E05013686",6.34081279216795,0.288184238902518,0.00305312579110682,0.0105943538159267,TRUE
"E05013687",6.25950011219157,0.316000500169131,0.00338905948985873,0.0107248548279032,TRUE
"E05013688",6.29925197794898,0.331227507144231,0.00367944087320152,0.0111085003323692,FALSE
"E05013689",6.24019966915084,0.28743776210429,0.00291956276292594,0.0101571997414405,TRUE
"E05013690",6.42813147267874,0.258097047327271,0.0026238794631373,0.0101662513783437,TRUE
"E05013691",6.06575818138731,0.229245745143082,0.00240276060128504,0.0104811568030865,TRUE
"E05013692",6.21008133010948,0.310268597995375,0.00319524877822471,0.0102983311842352,TRUE
"E05013693",6.41022668692318,0.245071965967599,0.00252061818785333,0.01028521633595,TRUE
"E05013694",6.09126510145592,0.224959235751886,0.00235051246464281,0.0104486150870252,TRUE
"E05013695",6.13976478794592,0.248487378850349,0.00264514486827789,0.0106449868018082,TRUE
"E05013696",6.38590759567985,0.303608403509977,0.00320544223031282,0.0105578178774208,TRUE
"E05013697",6.41825850615257,0.264670120866381,0.00271908189282308,0.0102734750863541,TRUE
"E05013698",6.044420389324,0.290237418588512,0.00302325261373393,0.0104164811981745,TRUE
"E05013699",6.11796108432305,0.298456468118015,0.00303790964280771,0.0101787361552723,TRUE
"E05013700",6.30542789088533,0.31743333035157,0.00321135989528656,0.0101166436798866,TRUE
"E05013701",6.31165946465764,0.324830515006825,0.00367358346762983,0.0113092314235091,FALSE
"E05013702",6.42982147253908,0.280116642964898,0.00304553510523292,0.010872381851351,TRUE
"E05013703",6.32736944095075,0.325641211778304,0.00327195956492688,0.0100477441017337,TRUE
"E05013704",6.53877966689063,0.272776596628272,0.00285123398707044,0.0104526342153758,TRUE
"E05013705",6.45897346798956,0.287749677600435,0.00298016340950733,0.0103567914805644,TRUE
"E05013706",6.40573953671264,0.298126456646094,0.00312888173940766,0.0104951495234855,TRUE
"E05013707",6.39980136043999,0.297713559050627,0.00312864518691182,0.0105089106350705,TRUE
"E05013708",6.05183904789809,0.286240028148744,0.00294328925678391,0.0102825914174884,TRUE
"E05013709",6.41884675393919,0.314008114490538,0.00326812192730162,0.010407762654809,TRUE
"E05013710",6.13391910845561,0.27943998686269,0.00294334892432973,0.0105330269922179,TRUE
"E05013711",6.43587354985989,0.268928533005122,0.00291673083872526,0.0108457470322411,TRUE
"E05013712",6.01025582698721,0.279853650585243,0.00292521459226698,0.0104526583310585,TRUE
"E05013713",6.30908721595885,0.290669925021512,0.00301294869320928,0.0103655329769198,TRUE
"E05013714",6.18168663624288,0.287436627899325,0.00288968023390407,0.0100532776738398,TRUE
"E05013715",6.22274801210598,0.288626109072751,0.00309219711920225,0.010713504502889,TRUE
"E05013716",6.56393669431416,0.296348776940039,0.00302923561106765,0.0102218596693603,TRUE
"E05013717",6.28960130075019,0.248807488774601,0.00253168889488415,0.0101752921801226,TRUE
"E05013718",6.5427129124695,0.275372930486375,0.00284224466016749,0.0103214381135698,TRUE
"E05013719",6.26127305452945,0.290074820606093,0.00308625904266544,0.0106395275405735,TRUE
"E05013720",6.17813673348426,0.305085278839713,0.00316090388095242,0.0103607223953048,TRUE
"E05013721",6.34905729633599,0.31774973223877,0.00339438036214668,0.0106825593155685,TRUE
"E05013722",6.51947874093237,0.295393428859069,0.00311925677203807,0.0105596687918412,TRUE
"E05013723",6.23689842306462,0.30256667409774,0.00304713670500673,0.0100709594475114,TRUE
"E05013724",6.641952704515,0.235192258010602,0.00245471844036897,0.0104370716159301,TRUE
"E05013725",6.40742170716684,0.314032926347231,0.00324865139884796,0.0103449387828074,TRUE
"E05013726",6.3818673888651,0.301038069274427,0.00317279623047605,0.0105395182679826,TRUE
"E05013727",6.40564205533962,0.278810705660365,0.00286278746174659,0.0102678534347025,TRUE
"E05013728",6.21456794407848,0.267967027653308,0.00273481314363089,0.0102057822844128,TRUE
"E05013729",6.39965339004578,0.246543786906889,0.00259637555003395,0.010531093006268,TRUE
"E05013730",6.00556197752528,0.286408949851544,0.00300924280696286,0.0105068043736855,TRUE
"E05013731",6.44832480004626,0.265282763295377,0.00282897201823785,0.0106639872982926,TRUE
"E05013732",5.84145695073444,0.280825659319728,0.00292689635368981,0.0104224676647423,TRUE
"E05013733",6.20917690414059,0.315448002642354,0.00339006841242083,0.0107468374629856,TRUE
"E05013734",6.30320411093431,0.329658320373249,0.00367527977106276,0.0111487547679716,FALSE
"E05013735",6.3180979518663,0.32862863290178,0.00369941873677039,0.0112571406335006,FALSE
"E05013736",6.24979863922848,0.335611298427478,0.00379119854579441,0.0112963972415656,FALSE
"E05013737",6.04954107899715,0.28499489637291,0.0029807761560726,0.0104590510005916,TRUE
"E05013738",6.3658540953524,0.317036342056412,0.00325961965402268,0.0102815331292293,TRUE
"E05013739",6.39776312273741,0.288533584396847,0.00293788889542519,0.0101821384209626,TRUE
"E05013740",6.02992043502424,0.294306687834058,0.00322464532620289,0.0109567517813971,TRUE
"E05013741",6.39071527951344,0.307210320336313,0.00325241263509423,0.0105869250470938,TRUE
"E05013742",6.25754352190193,0.305151749419144,0.00330031842656847,0.0108153351008166,TRUE
"E05013743",6.32799731702591,0.333180345226327,0.00367295904990024,0.0110239367433431,FALSE
"E05013744",6.37069711405292,0.319837679891782,0.00344222573845035,0.0107624146711389,TRUE
"E05013745",6.36842982716862,0.293952993391093,0.00313403452828977,0.0106616860476058,TRUE
"E05013746",6.28055353118612,0.313867123656424,0.00320482689183437,0.0102107759949479,TRUE
"E05013747",6.22610817306076,0.31749173391444,0.00334786826687572,0.0105447415137363,TRUE
"E05013748",6.30705101071959,0.32071129928405,0.00341861054741127,0.0106594639946984,TRUE
"E05013749",6.30704221340265,0.326921385771327,0.00367719430148668,0.0112479466365005,FALSE
"E05013750",6.32719369240074,0.330247648418822,0.00394395025992778,0.011942402251192,FALSE
"E05013751",6.2922935554937,0.326735994562526,0.0036480349012081,0.0111650842328913,FALSE
"E05013752",6.31101127427906,0.275509107018304,0.00280377473440142,0.0101767043737511,TRUE
"E05013753",6.27912215607071,0.312995353490352,0.00317915124621136,0.0101571835196888,TRUE
"E05013754",6.34189524800913,0.282645785273768,0.00292446732923921,0.0103467572545142,TRUE
"E05013755",6.47041346145591,0.269526167047758,0.00276695298672131,0.0102659901894833,TRUE
"E05013756",6.36577421736941,0.250921048859001,0.0025594833065361,0.010200353131691,TRUE
"E05013757",6.47856695971948,0.2856452876905,0.00293402156647166,0.0102715559923772,TRUE
"E05013758",6.45010009232224,0.306135818685221,0.00311134231349613,0.0101632743494655,TRUE
"E05013759",6.22231889467515,0.308206490177824,0.0032034230876153,0.0103937561008759,TRUE
"E05013760",6.3644539393232,0.30530068153674,0.00318436537006843,0.0104302596182879,TRUE
"E05013761",6.21418495391652,0.265147959056039,0.00281538195795633,0.0106181543617362,TRUE
"E05013762",6.4198584179114,0.283624191476762,0.00293467202363227,0.0103470441232539,TRUE
"E05013763",6.44118432930706,0.291862291887622,0.00296894923811709,0.0101724317277007,TRUE
"E05013764",6.29271053797249,0.315626343761282,0.00327574707992149,0.010378560423331,TRUE
"E05013765",6.3352319555901,0.257878765063589,0.00270501530038697,0.0104894844665475,TRUE
"E05013766",6.38088148903672,0.298270790500293,0.00299892776178563,0.010054379635215,TRUE
"E05013767",6.43481071433329,0.301487518248303,0.00311549287921455,0.0103337375202666,TRUE
"E05013768",6.24078884592199,0.298619552245937,0.0032578956885619,0.0109098539062799,TRUE
"E05013769",6.19962174257961,0.26282432625505,0.00269018368979329,0.010235672352424,TRUE
"E05013770",6.06927239185742,0.30788278208194,0.00328587038042866,0.0106724720304565,TRUE
"E05013771",6.25381409985371,0.260380518464947,0.00257505411351557,0.00988958055962328,TRUE
"E05013772",6.27533288131896,0.243917892252094,0.00244244801520769,0.0100134024308613,TRUE
"E05013773",6.43628983141723,0.298415716341328,0.00306283653580107,0.0102636569325249,TRUE
"E05013774",6.39978540199201,0.245349079144598,0.0024709872579802,0.010071312542094,TRUE
"E05013775",6.59001148837869,0.307536468263392,0.00318963843608186,0.0103715778947883,TRUE
"E05013776",6.45186562919451,0.287788070236122,0.00300519540414051,0.0104423904773913,TRUE
"E05013777",6.27997733561663,0.316970151001174,0.00320221673904791,0.0101025813595806,TRUE
"E05013778",6.73801687307587,0.297716682215833,0.00325529835247698,0.0109342154703881,TRUE
"E05013779",6.58222792659627,0.281822723056702,0.00286374788955326,0.0101615223162012,TRUE
"E05013780",6.3854132543701,0.288977753997977,0.00301774824796116,0.0104428393058321,TRUE
"E05013781",6.34984877420554,0.328832208876732,0.00378446714371413,0.0115088091785218,FALSE
"E05013782",6.3638044054499,0.309260778910949,0.00339806753291063,0.0109877092881833,TRUE
"E05013783",6.33098284959082,0.293821262257138,0.00296989035498614,0.0101078129342016,TRUE
"E05013784",6.37818831065791,0.316500115839134,0.00334401370999438,0.0105656002719886,TRUE
"E05013785",6.60498831283975,0.289936121242704,0.00315305222325264,0.010874989324332,TRUE
"E05013786",6.30191264845956,0.276135953559216,0.00283986794852579,0.0102843107241984,TRUE
"E05013787",6.37678624944822,0.330734085894594,0.00370619935244442,0.0112059793970725,FALSE
"E05013788",6.50239457486243,0.258507982194478,0.00268071410856708,0.01036994713204,TRUE
"E05013789",6.57160770447494,0.261144419557702,0.00261685797257382,0.0100207309694995,TRUE
"E05013790",6.38357925474051,0.333999606127413,0.00380101809649662,0.0113803071224181,FALSE
"E05013791",6.42157182262668,0.306612900129386,0.00321090106572238,0.0104721656015368,TRUE
"E05013792",6.3230119473292,0.328126021049391,0.00361599980565613,0.0110201555917196,FALSE
"E05013793",6.33967296814274,0.324773975018019,0.00362815331801727,0.0111713178921309,FALSE
"E05013794",6.1502443648736,0.298159632530097,0.00322187224577203,0.0108058633505554,TRUE
"E05013795",6.2238391318288,0.283035549953037,0.00285600239077794,0.0100906136746844,TRUE
"E05013796",6.2841283387516,0.328152438795831,0.00363939601165458,0.0110905651806505,FALSE
"E05013797",6.28574058522575,0.313154339685804,0.00316141190414199,0.0100953795093944,TRUE
"E05013798",6.370171963526,0.306677264874076,0.00310371598037712,0.0101204632226374,TRUE
"E05013799",6.29677018957852,0.283218317730009,0.00297004527707491,0.0104867697148962,TRUE
"E05013800",6.40076318399889,0.324291247622336,0.00330926062445218,0.0102045943228973,TRUE
"E05013801",6.38356029870468,0.310186458585842,0.00317391739166688,0.0102322886889936,TRUE
"E05013802",6.4142793251801,0.267665668903486,0.00270024786108405,0.0100881367122868,TRUE
"E05013803",6.315747742339,0.332643041207768,0.00378514164302412,0.011378989409431,FALSE
"E05013804",6.3222096971615,0.268443253290963,0.00274781100577863,0.0102360963521788,TRUE
"E05013805",6.32696850661729,0.328508331834589,0.00371751554872591,0.0113163508759886,FALSE
"E05013806",6.38315485573169,0.289735130516244,0.00293912225758341,0.0101441694431274,TRUE
"E05013807",6.30683648241528,0.299606284807011,0.00303338745880424,0.0101245788644193,TRUE
"E05013808",6.16510995413624,0.30728678442022,0.00323705720673423,0.0105343196351311,TRUE
"E05013809",6.39471998652148,0.301771719571592,0.00307673403794367,0.0101955678362158,TRUE
"E05013810",6.30964674004532,0.271151998276414,0.00270387082213358,0.00997179013734295,TRUE
"E05013811",6.13770202163207,0.26239606045122,0.00263981095997567,0.0100604062249876,TRUE
"E05013812",6.39491454953456,0.291860313763965,0.00292026131419428,0.0100056814046872,TRUE
"E05013813",6.21091398864283,0.254448099644001,0.00266363025531988,0.0104682654696442,TRUE
"E05013814",6.32184601236255,0.307343336650719,0.00321529657621107,0.0104615789340021,TRUE
"E05013815",6.2271552883639,0.297569032487537,0.00299384534143844,0.0100610111086201,TRUE
"E05013816",6.37479998279602,0.311719005838382,0.00317703316838817,0.010191977739193,TRUE
"E05013817",5.95127915208349,0.290713909105391,0.00302315663745079,0.0103990780721635,TRUE
"E05013818",6.24823006411627,0.321267679060109,0.00325144977499443,0.0101206874731587,TRUE
"E05013819",6.44073294084161,0.248329446302133,0.00262645831506732,0.0105765077568442,TRUE
"E05013820",6.34441333251624,0.330792246051434,0.00374256044514316,0.0113139303892911,FALSE
"E05013821",6.24378586785535,0.279382829253715,0.00285824294127316,0.0102305605140734,TRUE
"E05013822",6.49017670535717,0.272685346790235,0.00283694805914576,0.0104037422345547,TRUE
"E05013823",6.37488051050765,0.309701441462316,0.00319125999502013,0.0103043110808654,TRUE
"E05013824",5.92156720794948,0.264640948560542,0.00279804640702976,0.0105729911498925,TRUE
"E05013825",6.34156956906147,0.325984958559917,0.00365228717812777,0.0112038518410857,FALSE
"E05013826",6.37519192992311,0.314962805022975,0.00327385102515548,0.0103944052216472,TRUE
"E05013827",6.43929672524995,0.272806088671842,0.00284341328523661,0.0104228365982584,TRUE
"E05013828",6.34706132404769,0.321546301222213,0.00335774327634469,0.0104424876404479,TRUE
"E05013829",6.36276242335429,0.302529852597213,0.0031599912242305,0.010445221180991,TRUE
"E05013882",6.7743991995385,0.266716093850438,0.00279919528434798,0.010495037040838,TRUE
"E05013883",5.90198862489049,0.260491790760094,0.00282983350809808,0.0108634268275436,TRUE
"E05013884",6.49742315905336,0.291338950871598,0.00291717327314019,0.0100129874993127,TRUE
"E05013885",6.50480891012649,0.227168569721462,0.00231048660302825,0.0101708022631001,TRUE
"E05013886",6.21977138249281,0.270799789864865,0.0028148302206754,0.0103945066651642,TRUE
"E05013887",6.33629815205024,0.303408856952356,0.00306108804534944,0.0100889871050472,TRUE
"E05013888",6.16487098225458,0.244966496741269,0.00260899851457217,0.0106504299538062,TRUE
"E05013889",6.55100199892758,0.303661789439235,0.00319132787017003,0.0105094812095502,TRUE
"E05013890",6.40381530561461,0.259726225356493,0.00270456436114406,0.0104131354368695,TRUE
"E05013891",6.16378028178351,0.316907313757857,0.00330693063608385,0.0104350088890994,TRUE
"E05013892",6.20588786973212,0.311791018047419,0.00328207862053159,0.0105265335771553,TRUE
"E05013893",6.32529174769217,0.327906637700084,0.00371741367362513,0.0113368051946091,FALSE
"E05013894",6.58583546804219,0.255892551109461,0.00273330200367201,0.0106814441914052,TRUE
"E05013895",6.19445513034826,0.27950787399893,0.00301325083946409,0.0107805579726731,TRUE
"E05013896",5.99272600870433,0.241434988172501,0.00248267929932041,0.0102830137343084,TRUE
"E05013897",6.46305065997156,0.298132731459302,0.00308218021268842,0.0103382818706344,TRUE
"E05013898",6.30725211841785,0.325033105250343,0.00363320283692919,0.0111779470405972,FALSE
"E05013899",6.49973017504684,0.243526596023307,0.00246977053819437,0.0101416871032764,TRUE
"E05013900",6.09095001895787,0.31088222911172,0.0033624032584821,0.0108156817714845,TRUE
"E05013901",6.48399357971113,0.253192451530875,0.00269475464582364,0.0106431081555961,TRUE
"E05013902",6.40174166456633,0.283961508745401,0.00287826515027444,0.0101361102178644,TRUE
"E05013903",6.26547223208248,0.293354147768656,0.0030505003659233,0.0103986951918913,TRUE
"E05013904",6.26084165210025,0.218676762136153,0.00223083562704748,0.0102015212099149,TRUE
"E05013905",5.96365300886417,0.280339641814467,0.00299106282245153,0.0106694251412045,TRUE
"E05013906",6.28276091645342,0.313607071368996,0.0033686001454958,0.0107414674381887,TRUE
"E05013907",6.27217237472756,0.332224478331463,0.00371007154028594,0.0111673635817538,FALSE
"E05013908",6.2817298041036,0.282534456030749,0.00287515891026272,0.010176312477618,TRUE
"E05013909",6.33590205076193,0.260510007576887,0.00269056678105572,0.0103280745568349,TRUE
"E05013910",6.23106407579353,0.288476744101345,0.00300002569773386,0.0103995408956776,TRUE
"E05013911",6.12648889261544,0.285381370012566,0.00293194905903137,0.0102737927808752,TRUE
"E05013912",6.2966615351641,0.228051505565277,0.0022999448191459,0.010085199014341,TRUE
"E05013913",6.4355136659825,0.295704850840986,0.00303696184566096,0.0102702469608592,TRUE
"E05013914",6.4588751210418,0.216575655427813,0.00227481448296673,0.0105035558058138,TRUE
"E05013915",6.1078562382782,0.237654561041884,0.00245145778395124,0.0103152145416607,TRUE
"E05013916",6.40591221815239,0.220908868812916,0.00235486073267849,0.0106598741161125,TRUE
"E05013917",6.52355172290145,0.253101787102993,0.0026449353118403,0.0104500854858208,TRUE
"E05013918",6.22229298908006,0.228998691433092,0.00240748049167377,0.0105130753219923,TRUE
"E05013919",6.0699840923709,0.217591377054066,0.00232762066971837,0.0106972100697723,TRUE
"E05013920",6.37134786126424,0.249560794538208,0.00251630293526574,0.0100829256451197,TRUE
"E05013921",6.12384524106487,0.310554364293206,0.00317795106130354,0.0102331553721239,TRUE
"E05013922",6.22420114175422,0.296828234418297,0.00296876081876502,0.0100016119577808,TRUE
"E05013923",6.08390158524716,0.285006056776789,0.00304964831313827,0.010700292995972,TRUE
"E05013924",5.91766728577176,0.306220686900311,0.00319679171212728,0.0104395027797974,TRUE
"E05013925",6.1900536801841,0.30202021754905,0.00309490098639769,0.0102473304983136,TRUE
"E05013926",6.28749924717871,0.306919225628836,0.00321211397416348,0.0104656655756324,TRUE
"E05013927",6.13210254901434,0.299192219835678,0.00305830934363003,0.0102218879398325,TRUE
"E05013928",6.45446638931199,0.291671942407712,0.0029083581131506,0.0099713331667849,TRUE
"E05013929",6.39663623422798,0.256306031996016,0.00267658583802507,0.0104429295603417,TRUE
"E05013930",6.28474427121026,0.313605069676235,0.00331393342726192,0.0105672189250104,TRUE
"E05013931",6.53565605215671,0.298273989570777,0.00322302970000276,0.0108056009330239,TRUE
"E05013932",6.37408323723321,0.327511826649735,0.00370624644803355,0.0113163743915644,FALSE
"E05013933",6.7017372797222,0.251430304784274,0.00263410410806391,0.0104764782046617,TRUE
"E05013934",6.55169457304498,0.276077851863673,0.0028570291489451,0.0103486358273893,TRUE
"E05013935",6.36667787690025,0.328735545884514,0.00363999115516709,0.0110727032739132,FALSE
"E05013936",6.45062244286588,0.314481920958551,0.00356930214319512,0.0113497848535006,TRUE
"E05013937",6.37741516623332,0.333226924388399,0.00372628231716843,0.0111824166789872,FALSE
"E05013938",6.317705006209,0.302307233811766,0.00321235375868604,0.0106261226970382,TRUE
"E05013939",6.52708579025844,0.288308826388873,0.00303165961563323,0.0105153201641635,TRUE
"E05013940",6.53595322144642,0.276025950493418,0.00284680022044246,0.010313523838442,TRUE
"E05013941",6.4364334182799,0.307447064526183,0.00325010270178655,0.0105712595005433,TRUE
"E05013942",6.45941667492799,0.264235227650476,0.00273068334025987,0.0103342895061364,TRUE
"E05013943",6.38719774559898,0.263568185762667,0.00281763887984873,0.0106903603395665,TRUE
"E05013944",6.28274951434907,0.274202889035944,0.00299494194767126,0.0109223573763246,TRUE
"E05013945",6.22031697361358,0.287711126681662,0.00313945338549725,0.0109118247240083,TRUE
"E05013946",6.29058554475695,0.287612715828476,0.00295038704047824,0.0102581940161427,TRUE
"E05013967",6.30892597030256,0.324705229687273,0.00367322952450896,0.0113125049696511,FALSE
"E05013968",6.86521734229716,0.286969895362529,0.00304680594086064,0.0106171622532448,TRUE
"E05013969",6.26581113840641,0.220397785530093,0.00218693986515115,0.00992269436778234,TRUE
"E05013970",6.43322470201364,0.246430673229312,0.00250464384273469,0.0101636854288997,TRUE
"E05013971",6.16299439401288,0.286189987811441,0.00313611846324061,0.0109581697362064,TRUE
"E05013972",6.34794911823428,0.311910785749396,0.00333740061532492,0.0106998563942138,TRUE
"E05013973",6.42943468174837,0.304904701154533,0.00310956247582966,0.0101984733723527,TRUE
"E05013974",6.48112185478156,0.260877731232257,0.00279281568879387,0.0107054583601368,TRUE
"E05013975",6.29859356774573,0.284748358155835,0.00296403378218653,0.0104093094737508,TRUE
"E05013976",6.54481439786456,0.291192673925419,0.00297507375970391,0.010216856487488,TRUE
"E05013977",6.39188963265657,0.325802478084495,0.00329492434651364,0.0101132574739321,TRUE
"E05013978",6.30879227508506,0.287733520683293,0.00294283188046942,0.0102276296257765,TRUE
"E05013979",6.19560881783821,0.27698163763403,0.00282766809007983,0.0102088647978029,TRUE
"E05013980",6.27353156604155,0.289925903304429,0.00296206043116317,0.0102166118908421,TRUE
"E05013981",6.29115306173745,0.321880211749001,0.00336404729002376,0.0104512398315651,TRUE
"E05013982",6.35803926642388,0.327682491603066,0.00363582595305647,0.011095575888933,FALSE
"E05013983",6.5043693333102,0.263829762309377,0.002840001380964,0.0107645223802829,TRUE
"E05013984",6.39260499188632,0.299941564535541,0.00302428033792623,0.0100828984559353,TRUE
"E05013985",6.32881454031463,0.234123712687416,0.00237767006827653,0.0101556140596959,TRUE
"E05013986",6.36145188250619,0.328132446227818,0.00365192099122104,0.0111294114105545,FALSE
"E05013987",6.41248781184154,0.289426569883972,0.00294629439958852,0.0101797647699368,TRUE
"E05013988",6.28088603769184,0.216776040860959,0.00220092537338272,0.0101529918372962,TRUE
"E05013989",6.22502288965211,0.271826458469338,0.00282808341607722,0.0104040034660431,TRUE
"E05013990",6.34135094907302,0.255768119058537,0.0027507549675176,0.0107548781984359,TRUE
"E05013991",6.0985769396965,0.299959941555688,0.00305399865399828,0.0101813550108033,TRUE
"E05013992",6.19956044125767,0.286923864792012,0.00304152171923896,0.010600448733826,TRUE
"E05013993",6.25005071521406,0.222341130453813,0.00233065719790828,0.0104823484217754,TRUE
"E05013994",6.45273697097833,0.254816576933859,0.00258911109942487,0.0101606855039768,TRUE
"E05013995",6.35665956910104,0.320299394456913,0.00341962589453629,0.0106763420528299,TRUE
"E05013996",6.24196673951757,0.301919015154532,0.00319045481548055,0.0105672536519357,TRUE
"E05013997",6.01762631337712,0.286492427412649,0.00306068784632988,0.010683311506595,TRUE
"E05013998",6.25511609147684,0.297614438388824,0.00311803164841988,0.0104767485922382,TRUE
"E05013999",6.36985138567694,0.280822067388414,0.00282585410030087,0.01006279216794,TRUE
"E05014000",6.25240206677471,0.323798134076743,0.00344150985404191,0.0106285660473455,TRUE
"E05014001",6.19566673879701,0.201555178390454,0.00203374789654983,0.0100902785668451,TRUE
"E05014002",6.59185733985527,0.229744994365365,0.00237199449304167,0.0103244664789931,TRUE
"E05014003",6.27972223131825,0.258319246524741,0.0026143243046618,0.0101205169178573,TRUE
"E05014004",6.50403655772394,0.271490937217513,0.00273353288322848,0.0100685971739765,TRUE
"E05014005",6.43355780555803,0.257432258099048,0.00267654116418658,0.0103970698309175,TRUE
"E05014006",6.29973678094712,0.2357435237068,0.0024380146233485,0.0103418095437511,TRUE
"E05014007",6.30008494936,0.302745864901018,0.00315218828554613,0.0104119945175031,TRUE
"E05014008",6.57655987490518,0.284473593859185,0.0030116679852984,0.0105868103413113,TRUE
"E05014009",6.63917933623006,0.288681386413743,0.00305681346215485,0.0105888831286606,TRUE
"E05014010",6.44524384620286,0.309291315372433,0.00323193842389368,0.0104494961974666,TRUE
"E05014011",6.50726116622241,0.256448780569646,0.00275183392214039,0.0107305400947034,TRUE
"E05014012",6.47371755946269,0.301596920297678,0.00313817089537417,0.0104051821625923,TRUE
"E05014013",6.30739967326991,0.309788474594386,0.00317185302184591,0.0102387702641258,TRUE
"E05014014",6.40310509640901,0.309512207238187,0.00326595607812858,0.0105519459386467,TRUE
"E05014015",6.36584175918702,0.32984816806392,0.00367080969885324,0.0111287860726936,FALSE
"E05014016",6.52673543208574,0.296328747645244,0.00309577460853838,0.0104470951034577,TRUE
"E05014017",6.27615064614624,0.279988229677808,0.00300587159856897,0.0107357070046406,TRUE
"E05014018",6.3941510395429,0.301475092587519,0.00319702330581673,0.0106046017877534,TRUE
"E05014019",6.39302228052564,0.316512103030072,0.00330918565087956,0.0104551630702259,TRUE
"E05014020",6.41038170330692,0.33308753833538,0.0038291011052706,0.0114957801315735,FALSE
"E05014021",6.51461875574979,0.246766489736864,0.00254790733214016,0.0103251755733004,TRUE
"E05014022",6.4345244316131,0.246003324669755,0.00255737490666353,0.0103956924569888,TRUE
"E05014023",6.1816575842435,0.27711707054346,0.00292400780483787,0.0105515253863774,TRUE
"E05014024",6.52755065326013,0.283466964382263,0.0029233537117537,0.0103128550380618,TRUE
"E05014025",6.52049695625005,0.283456335434595,0.00297263514129156,0.010487100726586,TRUE
"E05014026",6.4311776307242,0.317048501066886,0.00326498201339015,0.0102980521983334,TRUE
"E05014027",6.37086193926954,0.337142208028173,0.00394511304886107,0.0117016290304755,FALSE
"E05014028",6.54259937111707,0.311386218053841,0.00330052224028528,0.0105994486875928,TRUE
"E05014029",6.4952389886126,0.300488658955075,0.00309771407487303,0.0103089217597931,TRUE
"E05014030",6.52458869380811,0.259959365404352,0.0026542875966175,0.0102103941994508,TRUE
"E05014053",6.27216831672632,0.331072800512135,0.00369667039241399,0.0111657326929172,FALSE
"E05014054",6.35840565599362,0.279832657562778,0.00294702772673023,0.0105313931275841,TRUE
"E05014055",6.45331803215891,0.273944208043373,0.00285728662983017,0.0104301771891369,TRUE
"E05014056",6.2747234498297,0.326735428995901,0.00369310959368073,0.0113030582726523,FALSE
"E05014057",6.2861212886449,0.269851068540639,0.00271832838759046,0.0100734394060073,TRUE
"E05014058",6.28195338480737,0.315741742246754,0.00320863184029396,0.010162203506771,TRUE
"E05014059",6.2859981284356,0.327132364480079,0.00363570019916327,0.011113850520237,FALSE
"E05014060",6.09843257490626,0.27743737160785,0.00294003978207846,0.0105971295973569,TRUE
"E05014061",6.22480899308755,0.320180758400132,0.00321868795206851,0.01005272136949,TRUE
"E05014062",6.20497612349359,0.308262710072263,0.00319800497659493,0.0103742842455556,TRUE
"E05014063",6.37955027511032,0.329028094076378,0.00343285395637383,0.0104333156292027,TRUE
"E05014064",6.22792030717211,0.248786704509535,0.00258190081599721,0.0103779694380664,TRUE
"E05014065",6.32199245803647,0.283367633953785,0.00280331518056942,0.00989285593931528,TRUE
"E05014066",5.96142579096019,0.298784461791422,0.00323188175066244,0.0108167664787019,TRUE
"E05014067",6.33558407977658,0.289515057432161,0.00301639777516027,0.0104187941101028,TRUE
"E05014068",6.25079787961267,0.33435938802963,0.00363422476945341,0.0108692170746866,FALSE
"E05014069",6.38847165023506,0.29618318908575,0.00307576696004974,0.0103846777041734,TRUE
"E05014070",6.01925157846572,0.25750966254798,0.00270167207589796,0.0104915367026066,TRUE
"E05014071",6.2750514238087,0.293736671853698,0.00304760328346719,0.0103752904403612,TRUE
"E05014072",6.22089579818031,0.299701258124288,0.00308087745197129,0.0102798282237896,TRUE
"E05014073",6.35441901692352,0.323912622315671,0.00327722658770717,0.0101176254394721,TRUE
"E05014074",6.32960268821062,0.319348515237532,0.003453358589712,0.0108137612199117,TRUE
"E05014075",6.17650576129501,0.296134638718083,0.00308346182824169,0.0104123645973651,TRUE
"E05014076",6.39328752271922,0.294031391041328,0.00308944164221181,0.0105071830299152,TRUE
"E05014077",6.22745208679874,0.321955367548019,0.00335415197634777,0.0104180650935956,TRUE
"E05014078",6.30748084587632,0.32388848057453,0.0037092260378907,0.0114521703004413,FALSE
"E05014079",6.34320646600143,0.29376771067224,0.00294674432302324,0.0100308652584046,TRUE
"E05014080",6.40900249182602,0.274236979718245,0.00286564607301064,0.0104495246263099,TRUE
"E05014081",6.41457354208716,0.302101987350418,0.00312446251371058,0.0103424096647415,TRUE
"E05014082",6.34265101381596,0.255242261389845,0.00253438532265386,0.0099293326616589,TRUE
"E05014083",6.30507772256384,0.288637732834814,0.00305225101854967,0.0105746777753984,TRUE
"E05014084",6.22646428799712,0.2803529622572,0.00295295654836461,0.0105329957086579,TRUE
"E05014085",5.95292164235551,0.276052196713683,0.00294266799275561,0.0106598245831302,TRUE
"E05014086",6.1787499836338,0.315608636981807,0.00323106986803572,0.0102375837966119,TRUE
"E05014087",6.26024986878472,0.31293474281205,0.0031455265260581,0.0100517011878969,TRUE
"E05014088",6.00301429220284,0.302175100574177,0.00319638745231906,0.0105779312929671,TRUE
"E05014089",6.18281701616093,0.312231224832774,0.00326935394230121,0.0104709384657227,TRUE
"E05014090",6.11847569796612,0.300447201164806,0.00309754119039862,0.0103097688325594,TRUE
"E05014091",6.20828516991115,0.311989201239903,0.00332130104323096,0.0106455641093714,TRUE
"E05014092",6.24518712824416,0.290498102715047,0.0032639415746207,0.0112356726054846,TRUE
"E05014093",5.97579855215603,0.25733967624097,0.00263226416006337,0.010228753678848,TRUE
"E05014094",6.58596518069239,0.252316714311004,0.00282946003311289,0.011213922315211,TRUE
"E05014095",6.38182115191471,0.306752568778287,0.00321459369650432,0.0104794352963601,TRUE
"E05014096",5.98436088575073,0.265885999366851,0.00268980003321106,0.0101163658094681,TRUE
"E05014097",6.18065918244496,0.273174452961674,0.00276048555545035,0.0101052112506203,TRUE
"E05014098",6.15878303084729,0.297092184767107,0.00326828031757774,0.0110008963047607,TRUE
"E05014099",6.48098455821593,0.284243423972905,0.00291075347576034,0.0102403546758492,TRUE
"E05014100",6.22165073247781,0.305546339237286,0.00327515188970161,0.0107190022236141,TRUE
"E05014101",6.28064821908831,0.307763908464278,0.00313582492412406,0.0101890599835816,TRUE
"E05014102",6.34757712218795,0.318711381654439,0.00331777955197076,0.0104099813905235,TRUE
"E05014103",6.21781355004981,0.264518132197852,0.00261222681407745,0.00987541682822552,TRUE
"E05014104",6.489043418159,0.284421871307644,0.00298960558108081,0.0105111662733107,TRUE
"E05014105",6.44841730503886,0.293838447483346,0.00299222091640544,0.0101832178260982,TRUE
"E05014106",6.19894542017331,0.268606427126102,0.00278729885206326,0.0103768881552291,TRUE
"E05014107",6.36528054071702,0.273647597482669,0.00279384319125536,0.0102096390282845,TRUE
"E05014108",6.08512243070834,0.268567498819549,0.00272896811119102,0.0101612001570772,TRUE
"E05014109",6.25485011412946,0.290097807497299,0.00317603903576135,0.0109481662862651,TRUE
"E05014110",6.32695131518473,0.287849748139847,0.00296405780999839,0.0102972395465094,TRUE
"E05014111",6.06845453181492,0.301667391832406,0.00313760114276572,0.0104008627638112,TRUE
"E05014112",6.19315797034731,0.275600133269288,0.00276255556569845,0.0100237816757482,TRUE
"E05014113",6.28231434334963,0.310734513803962,0.0033258194609898,0.0107030899795316,TRUE
"E05014114",6.35874285345521,0.31233818288192,0.00314929073839196,0.0100829514641268,TRUE
"E05014115",6.30990135092944,0.330911533558102,0.0038740801481268,0.0117072986440546,FALSE
"E05014116",6.32641916669123,0.324179373959043,0.00367501547226783,0.0113363642707637,FALSE
"E05014117",6.46056441563232,0.254369123818757,0.00262948193596721,0.0103372685194323,TRUE
"E05014118",6.29488329866847,0.316823663678597,0.003329535370502,0.0105091120146873,TRUE
"E05014119",6.33097873225845,0.302417489725133,0.00311159586427989,0.0102890737804484,TRUE
